player_name,team,age,cap_hit,years_remaining
Mason McTavish,ANA,23,7000000,6
Troy Terry,ANA,28,7000000,5
Mikael Granlund,ANA,34,7000000,3
Chris Kreider,ANA,34,6500000,2
Alex Killorn,ANA,36,6250000,2
Frank Vatrano,ANA,32,4571189,3
Ryan Poehling,ANA,27,1900000,1
Ross Johnston,ANA,32,1100000,1
Cutter Gauthier,ANA,22,950000,1
Leo Carlsson,ANA,21,950000,1
Beckett Sennecke,ANA,20,942500,3
Tim Washe,ANA,24,812500,2
Jansen Harkins,ANA,28,787500,1
Jeffrey Viel,ANA,29,775000,1
Jacob Trouba,ANA,32,8000000,1
John Carlson,ANA,36,8000000,1
Radko Gudas,ANA,35,4000000,1
Drew Helleson,ANA,25,1100000,2
Jackson LaCombe,ANA,25,925000,1
Ian Moore,ANA,24,925000,1
Pavel Mintyukov,ANA,22,918333,1
Olen Zellweger,ANA,22,844167,1
Tyson Hinds,ANA,23,829444,1
Lukas Dostal,ANA,25,6500000,5
Petr Mrazek,ANA,34,4250000,1
Ville Husso,ANA,31,2200000,2
Nico Myatovic,ANA,21,896667,2
Nathan Gaucher,ANA,22,886667,2
Lucas Pettersson,ANA,19,869050,3
Yegor Sidorov,ANA,21,865000,2
Coulson Pitre,ANA,21,860000,2
Jaxsen Wiebe,ANA,23,852500,1
Sam Colangelo,ANA,24,850000,2
Sasha Pastujov,ANA,22,825000,1
Nikita Nesterenko,ANA,24,787500,2
Jan Mysak,ANA,23,775000,1
Judd Caulfield,ANA,25,837500,
Herman Traff,ANA,20,990000,3
Stian Solberg,ANA,20,942500,3
Noah Warren,ANA,21,865000,2
Tristan Luneau,ANA,22,865000,2
Konnor Smith,ANA,21,855000,3
Jeremie Biakabutuka,ANA,24,825000,1
Tomas Suchanek,ANA,22,870000,2
Vyacheslav Buteyets,ANA,23,852500,1
Damian Clara,ANA,21,846667,3
Calle Clang,ANA,23,775000,1
Alexandre Blais,ANA,20,,
Ethan Bowen,ANA,23,,
Austin Burnevik,ANA,21,,
Michael Callow,ANA,22,,
Artyom Galimov,ANA,26,,
Kyle Kukkonen,ANA,23,,
Maxim Masse,ANA,20,,
Ethan Procyszyn,ANA,19,,
Tarin Smith,ANA,20,,
Darels Uljanskis,ANA,19,,
Roger Mcqueen,ANA,19,,
Eric Nilson,ANA,18,,
Lasse Boelius,ANA,19,,
Noah Read,ANA,19,,
Drew Schock,ANA,19,,
Elijah Neuenschwander,ANA,19,,
Alexis Mathieu,ANA,18,,
Émile Guité,ANA,18,,
Anthony Allain-Samaké,ANA,18,,
Brady Turko,ANA,18,,
David Pastrnak,BOS,29,11250000,6
Elias Lindholm,BOS,31,7750000,6
Casey Mittelstadt,BOS,27,5750000,2
Morgan Geekie,BOS,27,5500000,6
Pavel Zacha,BOS,29,4750000,2
Viktor Arvidsson,BOS,33,4000000,1
Tanner Jeannot,BOS,28,3400000,5
Sean Kuraly,BOS,33,1850000,2
Mark Kastelic,BOS,27,1566667,3
Michael Eyssimont,BOS,29,1450000,2
Lukas Reichel,BOS,23,1200000,1
Marat Khusnutdinov,BOS,23,925000,2
Alex Steeves,BOS,26,850000,1
Fraser Minten,BOS,21,816667,2
Charlie McAvoy,BOS,28,9500000,5
Hampus Lindholm,BOS,32,6500000,5
Nikita Zadorov,BOS,30,5000000,5
Mason Lohrei,BOS,25,3200000,2
Henri Jokiharju,BOS,26,3000000,3
Andrew Peeke,BOS,28,2750000,1
Jordan Harris,BOS,25,825000,1
Jonathan Aspirot,BOS,26,775000,1
Jeremy Swayman,BOS,27,8250000,7
Joonas Korpisalo,BOS,31,3000000,3
James Hagens,BOS,19,975000,3
Matej Blumel,BOS,25,875000,1
Matthew Poitras,BOS,22,870000,1
Riley Duran,BOS,24,867500,1
Fabian Lysell,BOS,23,863333,1
Dans Locmelis,BOS,22,860000,3
Alexis Gendron,BOS,22,860000,1
John Farinacci,BOS,25,775000,1
Patrick Brown,BOS,33,775000,1
Georgii Merkulov,BOS,25,775000,1
Riley Tufte,BOS,27,775000,1
Navrin Mutter,BOS,25,775000,1
Frederic Brunet,BOS,22,860000,1
Loke Johansson,BOS,20,831667,3
Maximus Wanner,BOS,23,828333,1
Victor Soderstrom,BOS,25,775000,1
Michael Callahan,BOS,26,775000,1
Billy Sweezey,BOS,30,775000,1
Simon Zajicek,BOS,24,872500,1
Michael DiPietro,BOS,26,812500,2
Luke Cavallin,BOS,24,790000,1
Max Lundgren,BOS,24,952500,1
Roman Bychkov,BOS,25,,
Andre Gasseau,BOS,22,,
Elliott Groenewold,BOS,20,,
Beckett Hendrickson,BOS,20,,
Oskar Jellvik,BOS,23,,
Kristian Kostadinski,BOS,20,,
Mason Langenbrunner,BOS,23,,
Dean Letourneau,BOS,20,,
Jonathan Morello,BOS,19,,
Casper Nassen,BOS,21,,
Christopher Pelosi,BOS,21,,
Cole Spicer,BOS,21,,
Philip Svedeback,BOS,23,,
Ryan Walsh,BOS,22,,
William Zellers,BOS,20,,
William Moore,BOS,19,,
Liam Pettersson,BOS,19,,
Cooper Simpson,BOS,19,,
Vashek Blanar,BOS,18,,
Cole Chandler,BOS,18,,
Kirill Yemelyanov,BOS,19,,
Josh Norris,BUF,26,7950000,5
Tage Thompson,BUF,28,7142857,5
Ryan McLeod,BUF,26,5000000,4
Alex Tuch,BUF,29,4750000,1
Jason Zucker,BUF,34,4750000,2
Jordan Greenway,BUF,29,4000000,2
Jack Quinn,BUF,24,3375000,2
Justin Danforth,BUF,33,1800000,2
Peyton Krebs,BUF,25,1450000,1
Beck Malenstyn,BUF,28,1350000,1
Sam Carrick,BUF,34,1000000,2
Tanner Pearson,BUF,33,1000000,1
Zach Benson,BUF,20,950000,1
Josh Doan,BUF,24,925000,1
Jiri Kulich,BUF,21,886667,2
Noah Ostlund,BUF,22,886667,2
Tyson Kozak,BUF,23,775000,3
Josh Dunne,BUF,27,775000,1
Rasmus Dahlin,BUF,25,11000000,7
Owen Power,BUF,23,8350000,6
Bowen Byram,BUF,24,6250000,2
Mattias Samuelsson,BUF,26,4285714,5
Conor Timmins,BUF,27,2200000,2
Michael Kesselring,BUF,26,1400000,1
Luke Schenn,BUF,36,1375000,1
Logan Stanley,BUF,27,1250000,1
Nikita Novikov,BUF,22,867500,1
Zach Metsa,BUF,27,775000,1
Ukko-Pekka Luukkonen,BUF,27,4750000,4
Alex Lyon,BUF,33,1500000,2
Colten Ellis,BUF,25,775000,2
Tyler Kopff,BUF,22,975000,2
Konsta Helenius,BUF,19,942500,3
Riley Fiddler-Schultz,BUF,23,865000,2
Olivier Nadeau,BUF,23,836667,1
Anton Wahlberg,BUF,20,833333,3
Jake Leschyshyn,BUF,27,775000,1
Carson Meyer,BUF,28,775000,2
Mason Geertsen,BUF,30,775000,2
Trevor Kuntar,BUF,24,775000,1
Radim Mrtka,BUF,18,975000,3
Zac Jones,BUF,25,900000,1
Isaac Belliveau,BUF,23,875000,1
Vsevolod Komarov,BUF,22,835000,2
Jack Rathbone,BUF,26,800000,2
Ryan Johnson,BUF,24,775000,3
Gavin Bayreuther,BUF,31,775000,1
Gavin McCarthy,BUF,20,990833,3
Maxim Strbak,BUF,20,1028333,3
Topias Leinonen,BUF,22,886667,3
Scott Ratzlaff,BUF,21,835000,3
Devon Levi,BUF,24,812500,2
Simon-pier Brunet,BUF,20,,
Patrick Geary,BUF,22,,
Vasily Glotov,BUF,28,,
Gustav Karlsson,BUF,22,,
Sean Keohane,BUF,21,,
Adam Kleber,BUF,20,,
Ryerson Leenders,BUF,19,,
Luke Osburn,BUF,19,,
Norwin Panocha,BUF,21,,
Prokhor Poltapov,BUF,23,,
Joel Ratkovic Berndtsson,BUF,22,,
Jake Richard,BUF,21,,
Stiven Sardarian,BUF,23,,
Vasily Zelenov,BUF,20,,
Brodie Ziemer,BUF,20,,
David Bedkowski,BUF,19,,
Matous Kucharcik,BUF,19,,
Samuel Meloche,BUF,18,,
Noah Laberge,BUF,19,,
Ashton Schultz,BUF,19,,
Melvin Novotny,BUF,19,,
Yevgeni Prokhorov,BUF,19,,
Ryan Rucinski,BUF,19,,
Jonathan Huberdeau,CGY,32,10500000,6
Matt Coronato,CGY,23,6500000,7
Yegor Sharangovich,CGY,27,5750000,5
Joel Farabee,CGY,26,5000000,3
Ryan Strome,CGY,32,5000000,2
Blake Coleman,CGY,34,4900000,2
Mikael Backlund,CGY,37,4500000,1
Morgan Frost,CGY,26,4375000,2
Connor Zary,CGY,24,3775000,3
Ryan Lomberg,CGY,31,2000000,1
Victor Olofsson,CGY,30,1575000,1
Adam Klapka,CGY,25,1250000,2
Martin Pospisil,CGY,26,1000000,1
Matvei Gridin,CGY,20,942500,3
Aydar Suniev,CGY,21,923333,2
John Beecher,CGY,25,900000,1
Samuel Honzek,CGY,21,886667,3
Kevin Bahl,CGY,25,5350000,6
Olli Maatta,CGY,31,3500000,3
Zach Whitecloud,CGY,29,2750000,3
Jake Bean,CGY,27,1750000,1
Joel Hanley,CGY,34,1750000,2
Brayden Pachal,CGY,26,1187500,2
Hunter Brzustewicz,CGY,21,950000,2
Zayne Parekh,CGY,20,942500,3
Yan Kuznetsov,CGY,24,812500,2
Dustin Wolf,CGY,24,850000,1
Devin Cooley,CGY,28,775000,1
Tyson Gross,CGY,23,975000,2
William Stromgren,CGY,22,900833,1
Justin Kirkland,CGY,29,900000,1
Carter King,CGY,24,872500,1
Andrew Basha,CGY,20,865000,3
Brennan Othmann,CGY,23,863333,1
Parker Bell,CGY,22,857500,1
Lucas Ciona,CGY,23,830000,1
Dryden Hunt,CGY,30,825000,2
Clark Bishop,CGY,30,775000,1
Rory Kerins,CGY,23,775000,1
Sam Morton,CGY,26,775000,1
Jonathan Castagna,CGY,20,1075000,3
Etienne Morin,CGY,21,871667,3
Gavin White,CGY,23,857500,1
Artem Grushnikov,CGY,23,814167,1
Nick Cicek,CGY,25,775000,1
Daniil Miromanov,CGY,28,1250000,1
Axel Hurtig,CGY,20,990000,3
Ivan Prosvetov,CGY,27,950000,1
Owen Say,CGY,24,872500,1
Arsenii Sergeev,CGY,23,866250,2
Daniil Chechelev,CGY,25,,
Trevor Hoskin,CGY,21,,
Eric Jamieson,CGY,20,,
Demetrios Koumontzis,CGY,26,,
Hunter Laing,CGY,19,,
Cade Littler,CGY,21,,
Henry Mews,CGY,20,,
Luke Misa,CGY,20,,
Yegor Yegorov,CGY,20,,
Kirill Zarubin,CGY,20,,
Cole Reschny,CGY,19,,
Cullen Potter,CGY,19,,
Theo Stockselius,CGY,18,,
Maceo Phillips,CGY,19,,
Ethan Wyttenbach,CGY,19,,
Aidan Lane,CGY,19,,
Jakob Leander,CGY,19,,
Yan Matveiko,CGY,19,,
Abram Wiebe,CGY,22,,
Maxmilian Curran,CGY,19,,
Sebastian Aho,CAR,28,9750000,7
Nikolaj Ehlers,CAR,30,8500000,6
Andrei Svechnikov,CAR,26,7750000,4
Seth Jarvis,CAR,24,7420087,7
Jesperi Kotkaniemi,CAR,25,4820000,5
Taylor Hall,CAR,34,3166667,3
Jordan Martinook,CAR,33,3050000,2
Jordan Staal,CAR,37,2900000,2
William Carrier,CAR,31,2000000,5
Nicolas Deslauriers,CAR,35,1750000,1
Eric Robinson,CAR,30,1700000,4
Jackson Blake,CAR,22,905833,1
Bradly Nadeau,CAR,20,886667,3
Logan Stankoven,CAR,23,814167,1
Mark Jankowski,CAR,31,800000,1
Skyler Brind'Amour,CAR,26,775000,1
Josiah Slavin,CAR,27,775000,1
K'Andre Miller,CAR,26,7500000,8
Jaccob Slavin,CAR,31,6395955,8
Sean Walker,CAR,31,3600000,4
Shayne Gostisbehere,CAR,32,3200000,2
Jalen Chatfield,CAR,29,3000000,2
Mike Reilly,CAR,32,1100000,1
Alexander Nikishin,CAR,24,925000,1
Charles-Alexis Legault,CAR,22,915833,2
Frederik Andersen,CAR,36,2750000,1
Pyotr Kochetkov,CAR,26,2000000,2
Brandon Bussi,CAR,27,775000,1
Ivan Ryabkin,CAR,18,918333,3
Viktor Neuchev,CAR,22,870000,1
Gleb Trikozov,CAR,21,862500,2
Justin Robidas,CAR,23,825000,1
Noel Gunler,CAR,24,813750,1
Felix Unger Sorum,CAR,20,803333,3
Ryan Suzuki,CAR,24,775000,1
Givani Smith,CAR,28,775000,1
Juha Jaaska,CAR,28,775000,2
Noah Philp,CAR,27,775000,1
Joel Nystrom,CAR,23,925000,1
Kyle Masters,CAR,22,865000,1
Bryce Montgomery,CAR,23,854910,2
Juuso Valimaki,CAR,27,2000000,1
Dominik Badinka,CAR,20,838283,3
Ronan Seeley,CAR,23,813750,1
Aleksi Heimosalmi,CAR,22,805833,1
Domenick Fensore,CAR,24,775000,1
Ruslan Khazheev,CAR,21,845000,2
Nikita Quapp,CAR,23,775000,1
Amir Miftakhov,CAR,25,775000,1
Cayden Primeau,CAR,26,775000,1
Nikita Artamonov,CAR,20,,
Fyodor Avramov,CAR,20,,
Michael Emerson,CAR,22,,
Simon Forsmark,CAR,22,,
Noel Fransen,CAR,20,,
Vladimir Grudinin,CAR,22,,
Nils Juntorp,CAR,22,,
Nikita Guslistov,CAR,23,,
Timur Kol,CAR,19,,
Andrey Krutov,CAR,19,,
Jacob Kucharski,CAR,26,,
Timur Mukhanov,CAR,20,,
Yegor Naumov,CAR,22,,
Alexander Pelevin,CAR,21,,
Alexander Perevalov,CAR,21,,
Jayden Perron,CAR,21,,
Justin Poirier,CAR,19,,
Alexander Rykov,CAR,20,,
Roman Shokhrin,CAR,20,,
Alexander Siryatsky,CAR,19,,
Yegor Velmakin,CAR,23,,
Jakub Vondras,CAR,21,,
Oskar Vuollet,CAR,20,,
Stanislav Yarovoi,CAR,22,,
Semyon Frolov,CAR,19,,
Charlie Cerrato,CAR,21,,
Kurban Limatov,CAR,19,,
Roman Bausov,CAR,18,,
Viggo Nordlund,CAR,19,,
Filip Ekberg,CAR,18,,
Tyler Bertuzzi,CHI,31,5500000,3
Andre Burakovsky,CHI,31,5500000,2
Teuvo Teravainen,CHI,31,5400000,2
Ilya Mikheyev,CHI,31,4037500,1
Ryan Donato,CHI,29,4000000,4
Andrew Mangiapane,CHI,30,3600000,2
Sam Lafferty,CHI,31,2000000,1
Anton Frondell,CHI,18,975000,3
Connor Bedard,CHI,20,950000,1
Frank Nazar,CHI,22,950000,1
Ryan Greene,CHI,22,950000,2
Oliver Moore,CHI,21,941667,2
Landon Slaggert,CHI,23,900000,2
Nick Lardis,CHI,20,865000,3
Dominic Toninato,CHI,32,850000,2
Shea Weber,CHI,40,7857143,1
Ryan Ellis,CHI,35,6250000,2
Alex Vlasic,CHI,24,4600000,5
Wyatt Kaiser,CHI,23,1700000,2
Matt Grzelcyk,CHI,32,1000000,1
Artyom Levshunov,CHI,20,975000,2
Sam Rinzel,CHI,21,941667,2
Kevin Korchinski,CHI,21,918333,1
Louis Crevier,CHI,24,900000,2
Ethan Del Mastro,CHI,23,855833,1
Spencer Knight,CHI,24,4500000,1
Arvid Soderblom,CHI,26,2750000,2
Sacha Boisvert,CHI,20,974167,3
Marek Vanacker,CHI,19,942500,3
Anthony (AJ) Spellacy,CHI,20,906667,2
Paul Ludwinski,CHI,21,900000,2
Martin Misiak,CHI,21,878333,2
Gavin Hayes,CHI,21,865000,2
Samuel Savoie,CHI,22,846667,2
Joey Anderson,CHI,27,800000,1
Jiri Felcman,CHI,20,996667,3
Taige Harding,CHI,24,880000,2
Jake Furlong,CHI,22,841667,2
Ryan Mast,CHI,23,830556,1
Dmitry Kuzmin,CHI,22,795556,1
Derrick Pouliot,CHI,32,775000,2
Stanislav Berezhnoy,CHI,22,975000,2
Drew Commesso,CHI,23,925000,1
Olivier Rodrigue,CHI,25,775000,1
Adam Gajan,CHI,21,1050000,2
Ty Henry,CHI,19,,
Roman Kantserov,CHI,21,,
Artur Kayumov,CHI,28,,
John Mustard,CHI,19,,
Janne Peltonen,CHI,21,,
Jack Pridham,CHI,20,,
Joel Svensson,CHI,20,,
Riku Tohila,CHI,22,,
Vaclav Nestrasil,CHI,19,,
Mason West,CHI,18,,
Nathan Behm,CHI,18,,
Julius Sumpf,CHI,21,,
Parker Holmes,CHI,19,,
Ashton Cumby,CHI,20,,
Ilya Kanarsky,CHI,21,,
Nathan MacKinnon,COL,30,12600000,6
Brock Nelson,COL,34,7500000,3
Gabriel Landeskog,COL,33,7000000,4
Martin Necas,COL,27,6500000,1
Valeri Nichushkin,COL,31,6125000,5
Nazem Kadri,COL,35,5600000,4
Artturi Lehkonen,COL,30,4500000,2
Ross Colton,COL,29,4000000,2
Nicolas Roy,COL,29,3000000,2
Logan O'Connor,COL,29,2500000,6
Jack Drury,COL,26,1725000,1
Joel Kiviranta,COL,30,1250000,1
Zakhar Bardakov,COL,25,867500,1
Parker Kelly,COL,26,825000,1
Cale Makar,COL,27,9000000,2
Devon Toews,COL,32,7250000,6
Josh Manson,COL,34,4500000,1
Brett Kulak,COL,32,2750000,1
Sam Malinski,COL,27,1400000,1
Brent Burns,COL,41,1000000,1
Nick Blankenburg,COL,27,775000,1
Mackenzie Blackwood,COL,29,5250000,5
Scott Wedgewood,COL,33,1500000,1
Gavin Brindley,COL,21,950000,1
Taylor Makar,COL,25,925000,1
Chase Bradley,COL,24,872500,1
Cooper Gay,COL,24,872500,2
Ivan Ivan,COL,23,845000,1
Nikita Prishchepov,COL,22,806667,2
Matt Stienburg,COL,25,775000,1
Tye Felhaber,COL,27,775000,1
Danil Gushchin,COL,24,775000,1
Tristen Nielsen,COL,26,775000,2
T.J. Tynan,COL,34,775000,1
Alex Barré-Boulet,COL,28,775000,1
Valtteri Puustinen,COL,26,775000,1
Jason Polin,COL,26,775000,1
Matthew DiMarsico,COL,22,980000,2
Alex Gagne,COL,23,910000,2
Sean Behrens,COL,23,905833,2
Saige Weinstein,COL,20,783333,3
Ronnie Attard,COL,27,775000,1
Wyatt Aamodt,COL,28,775000,2
Jack Ahcan,COL,28,775000,1
Keaton Middleton,COL,28,775000,2
Jacob MacDonald,COL,33,775000,1
Gustav Stjernberg,COL,23,980000,2
Ilya Nabokov,COL,23,975000,2
Isak Posch,COL,24,872500,2
Trent Miner,COL,25,775000,2
Louka Cloutier,COL,19,,
Jake Fisher,COL,21,,
Mikhail Gulyayev,COL,20,,
Christian Humphreys,COL,20,,
Nikita Ishimnikov,COL,20,,
Tory Pitner,COL,20,,
Chris Romaine,COL,22,,
Shamil Shmakov,COL,26,,
Ivan Yunin,COL,19,,
Sampo Ranta,COL,25,,
Francesco Dell'Elce,COL,20,,
Linus Funck,COL,18,,
Nolan Roed,COL,20,,
Sean Monahan,CBJ,31,5500000,4
Charlie Coyle,CBJ,34,5250000,1
Conor Garland,CBJ,30,4950000,1
Mason Marchment,CBJ,30,4500000,1
Dmitri Voronkov,CBJ,25,4175000,2
Kirill Marchenko,CBJ,25,3850000,2
Boone Jenner,CBJ,32,3750000,1
Mathieu Olivier,CBJ,29,3000000,6
Miles Wood,CBJ,30,2500000,4
Cole Sillinger,CBJ,22,2250000,1
Danton Heinen,CBJ,30,2250000,1
Kent Johnson,CBJ,23,1800000,2
Isac Lundestrom,CBJ,26,1300000,2
Adam Fantilli,CBJ,21,950000,1
Luca Del Bel Belluz,CBJ,22,860000,2
Zach Aston-Reese,CBJ,31,775000,1
Zach Werenski,CBJ,28,9583333,3
Ivan Provorov,CBJ,29,8500000,7
Damon Severson,CBJ,31,6250000,6
Dante Fabbro,CBJ,27,4125000,4
Erik Gudbranson,CBJ,34,4000000,1
Egor Zamula,CBJ,26,1000000,1
Jake Christiansen,CBJ,26,975000,2
Denton Mateychuk,CBJ,21,886667,2
Brendan Smith,CBJ,37,800000,1
Elvis Merzlikins,CBJ,31,5400000,2
Jet Greaves,CBJ,25,812500,1
Jack Williams,CBJ,24,923750,1
Oiva Keskinen,CBJ,22,860000,3
Jordan Dumais,CBJ,21,860000,2
Max McCue,CBJ,23,858333,2
Luca Pinelli,CBJ,21,846667,3
James Malatesta,CBJ,22,841667,1
Hunter McKown,CBJ,23,800000,1
Owen Sillinger,CBJ,28,775000,1
Hudson Fasching,CBJ,30,775000,1
Mikael Pyyhtia,CBJ,24,775000,1
Brendan Gaunce,CBJ,32,775000,1
Corson Ceulemans,CBJ,22,925000,1
Caleb MacDonald,CBJ,23,922500,2
Charlie Elick,CBJ,20,906667,3
Guillaume Richard,CBJ,23,867500,2
Luca Marrelli,CBJ,20,839167,3
Stanislav Svozil,CBJ,23,825000,1
Dysin Mayo,CBJ,29,775000,1
Ivan Fedotov,CBJ,29,3275000,1
Evan Gardner,CBJ,20,870833,3
Nolan Lalonde,CBJ,22,785556,2
Zach Sawchenko,CBJ,28,775000,1
Luke Ashton,CBJ,21,,
Kirill Dolzhenkov,CBJ,21,,
James Fisher,CBJ,21,,
Tanner Henricks,CBJ,19,,
Sergei Ivanov,CBJ,22,,
Cayden Lindstrom,CBJ,20,,
Nikolai Makarov,CBJ,23,,
Melvin Strahl,CBJ,21,,
Andrew Strathmann,CBJ,21,,
William Whitelaw,CBJ,21,,
Tim Berni,CBJ,26,,
Jackson Smith,CBJ,18,,
Pyotr Andreyanov,CBJ,19,,
Malte Vass,CBJ,19,,
Owen Griffin,CBJ,19,,
Victor Hedin Raftheim,CBJ,18,,
Jérémy Loranger,CBJ,18,,
Mikko Rantanen,DAL,29,12000000,8
Roope Hintz,DAL,29,8450000,6
Wyatt Johnston,DAL,22,8400000,5
Jason Robertson,DAL,26,7750000,1
Matt Duchene,DAL,35,4500000,4
Michael Bunting,DAL,30,4500000,1
Sam Steel,DAL,28,2100000,2
Radek Faksa,DAL,32,2000000,3
Jamie Benn,DAL,36,1000000,1
Mavrik Bourque,DAL,24,950000,1
Justin Hryckowian,DAL,25,870000,1
Arttu Hyry,DAL,25,870000,1
Oskar Back,DAL,26,825000,2
Colin Blackwell,DAL,33,775000,2
Adam Erne,DAL,30,775000,1
Nathan Bastian,DAL,28,775000,1
Cameron Hughes,DAL,29,775000,2
Miro Heiskanen,DAL,26,8450000,4
Esa Lindell,DAL,31,5250000,5
Thomas Harley,DAL,24,4000000,1
Ilya Lyubushkin,DAL,32,3250000,2
Tyler Myers,DAL,36,1500000,2
Nils Lundkvist,DAL,25,1250000,1
Lian Bichsel,DAL,21,918333,2
Alexander Petrovic,DAL,34,775000,1
Kyle Capobianco,DAL,28,775000,1
Jake Oettinger,DAL,27,8250000,8
Casey DeSmith,DAL,34,1000000,2
Tyler Seguin,DAL,34,9850000,2
Harrison Scott,DAL,25,975000,1
Emil Hemming,DAL,19,942500,3
Jaxon Fuder,DAL,20,916667,3
Kyle McDonald,DAL,24,870000,1
Justin Ertel,DAL,22,867500,2
Ayrton Martino,DAL,23,867500,2
Chase Wheatcroft,DAL,23,862500,1
Matthew Seminoff,DAL,22,850000,1
Angus MacDonell,DAL,20,850000,3
Samu Tuomaala,DAL,23,830833,1
Francesco Arcuri,DAL,22,825000,1
Antonio Stranges,DAL,24,775000,1
Kole Lind,DAL,27,775000,1
Dylan Hryckowian,DAL,21,975000,2
Trey Taylor,DAL,24,975000,2
Connor Punnett,DAL,22,870000,2
Luke Krys,DAL,25,870000,1
Niilopekka Muhonen,DAL,20,850000,3
Tristan Bertucci,DAL,20,846667,3
Vladislav Kolyachonok,DAL,24,775000,1
Jeremie Poirier,DAL,23,775000,1
Jack Anderson,DAL,23,1050000,2
Aram Minnetian,DAL,21,975000,3
Arno Tiefensee,DAL,23,850000,2
Ben Kraws,DAL,25,775000,1
Remi Poirier,DAL,24,775000,2
Sebastian Bradshaw,DAL,20,,
George Fegaras,DAL,21,,
Maxim Mayorov,DAL,21,,
William Samuelsson,DAL,20,,
Cameron Schmidt,DAL,19,,
Brandon Gorzynski,DAL,19,,
Atte Joki,DAL,18,,
Mans Goos,DAL,18,,
Dawson Sharkey,DAL,19,,
Charlie Paquette,DAL,20,,
Dylan Larkin,DET,29,8700000,6
Lucas Raymond,DET,24,8075000,7
Alex DeBrincat,DET,28,7875000,2
Andrew Copp,DET,31,5625000,2
J.T. Compher,DET,31,5100000,3
David Perron,DET,37,4000000,1
Michael Rasmussen,DET,26,3200000,3
Patrick Kane,DET,37,3000000,1
Mason Appleton,DET,30,2900000,2
James van Riemsdyk,DET,36,1000000,1
Carter Mazur,DET,24,905833,1
Marco Kasper,DET,22,886667,2
Emmitt Finnie,DET,20,821667,3
Dominik Shine,DET,32,775000,1
Moritz Seider,DET,25,8550000,6
Justin Faulk,DET,34,6500000,2
Ben Chiarot,DET,34,4750000,1
Albert Johansson,DET,25,1125000,2
Travis Hamonic,DET,35,1000000,1
Axel Sandin-Pellikka,DET,21,918333,3
Simon Edvinsson,DET,23,894167,1
Jacob Bernard-Docker,DET,25,875000,1
John Gibson,DET,32,6400000,2
Cam Talbot,DET,38,2500000,1
Noah Dower Nilsson,DET,20,990000,3
Carter Bear,DET,19,975000,3
Michael Brandsegg-Nygard,DET,20,942500,3
Jesse Kiiskinen,DET,20,923333,3
Nate Danielson,DET,21,886667,3
Alexandre Doucet,DET,24,870000,1
Jakub Rychlovsky,DET,24,870000,1
Ondrej Becher,DET,22,865000,2
Amadeus Lombardi,DET,22,838333,1
Michael Milne,DET,23,775000,1
Wojciech Stachowiak,DET,26,775000,1
Eduards Tralmaks,DET,29,775000,1
Austin Watson,DET,34,775000,1
John Leonard,DET,27,775000,1
Sheldon Dries,DET,31,775000,1
Eddie Genborg,DET,18,975000,3
William Wallinder,DET,23,925000,1
Shai Buium,DET,23,925000,2
Anton Johansson,DET,21,870000,3
Erik Gustafsson,DET,34,2000000,1
Antti Tuomisto,DET,25,813750,1
William Lagesson,DET,30,775000,2
Eemil Viro,DET,24,828333,
Michal Postava,DET,24,975000,2
Sebastian Cossa,DET,23,863333,1
Carter Gylander,DET,24,855000,1
Trey Augustine,DET,21,1075000,3
Brennan Ali,DET,22,,
Austin Baker,DET,20,,
Kevin Bicker,DET,21,,
Brady Cleveland,DET,21,,
Kienan Draper,DET,24,,
Charlie Forslund,DET,19,,
Rudy Guimond,DET,20,,
Dylan James,DET,22,,
Larry Keenan,DET,21,,
Maximilian Kilpinen,DET,22,,
Owen Mehlenbacher,DET,22,,
Landon Miller,DET,20,,
Jack Phelan,DET,21,,
Max Plante,DET,20,,
Fisher Scott,DET,21,,
John Whipple,DET,20,,
Michal Pradel,DET,19,,
Brent Solomon,DET,19,,
Michal Svrcek,DET,19,,
Nikita Tyurin,DET,18,,
Will Murphy,DET,18,,
Grayden Robertson-Palmer,DET,18,,
Connor McDavid,EDM,29,12500000,1
Zach Hyman,EDM,33,5500000,3
Ryan Nugent-Hopkins,EDM,32,5125000,4
Trent Frederic,EDM,28,3850000,8
Adam Henrique,EDM,36,3000000,1
Jason Dickinson,EDM,30,2125000,1
Jack Roslovic,EDM,29,1500000,1
Kasperi Kapanen,EDM,29,1300000,1
Vasily Podkolzin,EDM,24,1000000,1
Josh Samanski,EDM,24,975000,2
Matthew Savoie,EDM,22,886667,2
Colton Dach,EDM,23,825000,1
Curtis Lazar,EDM,31,775000,1
Evan Bouchard,EDM,26,10500000,4
Darnell Nurse,EDM,31,9250000,5
Mattias Ekholm,EDM,35,6000000,1
Jake Walman,EDM,30,3400000,1
Connor Murphy,EDM,33,2200000,1
Ty Emberson,EDM,25,1300000,2
Spencer Stastney,EDM,26,825000,1
Tomas Cibulka,EDM,22,955000,2
Tristan Jarry,EDM,30,5375000,3
Connor Ingram,EDM,29,1150500,1
Leon Draisaitl,EDM,30,14000000,8
Mattias Janmark,EDM,33,1450000,2
Max Jones,EDM,28,1000000,1
Owen Michaels,EDM,23,975000,1
Isaac Howard,EDM,22,950000,3
Quinn Hutson,EDM,24,875000,1
Viljami Marjala,EDM,23,872500,2
James Stefan,EDM,22,870000,2
Josh Bloom,EDM,22,836667,1
Connor Clattenburg,EDM,20,828333,3
Brady Stonehouse,EDM,21,821667,2
Matvey Petrov,EDM,23,803333,1
Sam Poulin,EDM,25,775000,1
James Hamblin,EDM,26,775000,1
Roby Jarventie,EDM,23,775000,1
William Nicholl,EDM,19,968333,3
Josh Brown,EDM,32,1000000,2
Atro Leppanen,EDM,27,975000,1
Damien Carfagna,EDM,23,862500,2
Beau Akey,EDM,21,831667,3
Cam Dineen,EDM,27,775000,1
Riley Stillman,EDM,28,775000,2
Alec Regula,EDM,25,775000,2
Calvin Pickard,EDM,33,1000000,1
Connor Ungar,EDM,24,860000,1
Nathaniel Day,EDM,21,856667,3
Samuel Jonsson,EDM,22,855000,3
Matt Tomkins,EDM,31,775000,2
Maksim Berezkin,EDM,24,,
Bauer Berry,EDM,20,,
Maxim Denezhkin,EDM,25,,
Albin Sundin,EDM,21,,
Ty Taylor,EDM,26,,
Eemil Vinni,EDM,20,,
Dalyn Wakely,EDM,22,,
Nikita Yevseyev,EDM,21,,
Paul Fischer,EDM,21,,
Petr Hauser,EDM,22,,
Tommy Lafreniere,EDM,19,,
David Lewandowski,EDM,19,,
Asher Barnett,EDM,18,,
Daniel Salonen,EDM,20,,
Aidan Park,EDM,20,,
Matthew Tkachuk,FLA,28,9500000,5
Sam Reinhart,FLA,30,8625000,7
Sam Bennett,FLA,29,8000000,8
Carter Verhaeghe,FLA,30,7000000,8
Anton Lundell,FLA,24,5000000,5
Evan Rodrigues,FLA,32,3000000,2
Eetu Luostarinen,FLA,27,3000000,2
Jesper Boqvist,FLA,27,1500000,2
A.J. Greer,FLA,29,850000,1
Cole Schwindt,FLA,24,825000,1
Cole Reinhardt,FLA,26,812500,2
Mackie Samoskevich,FLA,23,775000,1
Tomas Nosek,FLA,33,775000,1
Vinnie Hinostroza,FLA,32,775000,1
Luke Kunin,FLA,28,775000,1
Nolan Foote,FLA,25,775000,1
Noah Gregor,FLA,27,775000,1
Seth Jones,FLA,31,7000000,5
Aaron Ekblad,FLA,30,6100000,8
Gustav Forsling,FLA,29,5750000,7
Dmitry Kulikov,FLA,35,1150000,3
Mikulas Hovorka,FLA,24,950000,1
Ludvig Jansson,FLA,22,855000,3
Uvis Balinskis,FLA,29,850000,1
Donovan Sebrango,FLA,24,775000,1
Mike Benning,FLA,24,775000,1
Tobias Bjornfot,FLA,25,775000,1
Sergei Bobrovsky,FLA,37,10000000,1
Daniil Tarasov,FLA,27,1050000,1
Aleksander Barkov,FLA,30,10000000,5
Brad Marchand,FLA,37,5250000,6
Niko Mikkola,FLA,29,2500000,1
Jonah Gadjovich,FLA,27,775000,1
Ben Steeves,FLA,23,950000,1
Jack Devine,FLA,22,950000,3
Sandis Vilmanis,FLA,22,855000,2
Gracyn Sawchyn,FLA,21,846667,3
Hunter St. Martin,FLA,20,828333,3
Kai Schwindt,FLA,22,798333,2
MacKenzie Entwistle,FLA,26,775000,2
Wilmer Skoog,FLA,26,775000,1
Jack Studnicka,FLA,27,775000,1
Oliver Okuliar,FLA,25,870000,
Marek Alscher,FLA,22,865000,2
Evan Nause,FLA,23,864167,1
Cooper Black,FLA,24,950000,1
Kirill Gerasimyuk,FLA,22,875000,2
Louis Domingue,FLA,34,775000,1
Tyler Muszelik,FLA,21,960000,2
Linus Eriksson,FLA,20,,
Denis Gabdrakhmanov,FLA,20,,
Olof Glifford,FLA,21,,
Stepan Gorbunov,FLA,19,,
Vladislav Lukashevich,FLA,22,,
Matvei Shuravin,FLA,20,,
Albert Wikman,FLA,21,,
Simon Zether,FLA,20,,
Stepan Zvyagin,FLA,21,,
Mads Kongsbak Klyvø,FLA,18,,
Shea Busch,FLA,18,,
Shamar Moses,FLA,18,,
Arvid Drott,FLA,18,,
Brendan Dunphy,FLA,20,,
Yegor Midlak,FLA,19,,
Kevin Fiala,LAK,29,7875000,4
Anze Kopitar,LAK,38,7000000,1
Quinton Byfield,LAK,23,6250000,4
Artemi Panarin,LAK,34,5821429,1
Adrian Kempe,LAK,29,5500000,1
Andrei Kuzmenko,LAK,30,4300000,1
Trevor Moore,LAK,31,4200000,3
Alex Laferriere,LAK,24,4100000,3
Joel Armia,LAK,32,2500000,2
Scott Laughton,LAK,31,3000000,1
Mathieu Joseph,LAK,29,900000,1
Jared Wright,LAK,23,867500,2
Samuel Helenius,LAK,23,805833,1
Alex Turcotte,LAK,25,775000,2
Jeff Malott,LAK,29,775000,1
Taylor Ward,LAK,28,775000,1
Drew Doughty,LAK,36,11000000,2
Cody Ceci,LAK,32,4500000,4
Mikey Anderson,LAK,26,4125000,6
Brian Dumoulin,LAK,34,4000000,3
Joel Edmundson,LAK,32,3850000,3
Brandt Clarke,LAK,23,863333,1
Jacob Moverare,LAK,27,775000,1
Darcy Kuemper,LAK,35,5250000,2
Anton Forsberg,LAK,33,2250000,2
Vojtech Cihar,LAK,19,975000,3
Jimmy Lombardi,LAK,19,923333,3
Kenny Connors,LAK,23,867500,2
Aatu Jamsen,LAK,23,852500,1
Kaleb Lawrence,LAK,23,852500,2
Francesco Pinelli,LAK,22,845000,1
Koehn Ziemmer,LAK,21,816667,3
Glenn Gawdin,LAK,29,775000,1
Logan Brown,LAK,28,775000,1
Martin Chromiak,LAK,23,775000,1
Nikita Alexandrov,LAK,25,775000,1
Cole Guttman,LAK,27,775000,2
Andre Lee,LAK,25,775000,2
Jan Jenik,LAK,25,775000,1
Grant Slukynsky,LAK,24,975000,1
Kyle Burroughs,LAK,30,1100000,1
Kirill Kirsanov,LAK,23,925000,2
Jared Woolley,LAK,20,875000,3
Otto Salin,LAK,22,875000,3
Jakub Dvorak,LAK,20,840000,3
Angus Booth,LAK,21,826667,2
Joe Hicketts,LAK,29,775000,2
Henry Brzustewicz,LAK,19,1075000,3
Carter George,LAK,19,845833,3
Erik Portillo,LAK,25,783333,2
Pheonix Copley,LAK,34,775000,1
Hampton Slukynsky,LAK,20,975000,3
Ryan Conmy,LAK,21,,
James Reeder,LAK,20,,
Bulat Shafigullin,LAK,26,,
Jack Sparkes,LAK,22,,
Kristian Epperson,LAK,19,,
Caeden Herrington,LAK,20,,
Petteri Rimpinen,LAK,19,,
Jan Chovan,LAK,19,,
Brendan McMorrow,LAK,20,,
Will Sharpe,LAK,19,,
Kirill Kaprizov,MIN,28,9000000,1
Matt Boldy,MIN,25,7000000,5
Joel Eriksson Ek,MIN,29,5250000,4
Vladimir Tarasenko,MIN,34,4750000,1
Nick Foligno,MIN,38,4500000,1
Mats Zuccarello,MIN,38,4125000,1
Marcus Foligno,MIN,34,4000000,3
Ryan Hartman,MIN,31,4000000,2
Yakov Trenin,MIN,29,3500000,3
Nico Sturm,MIN,30,2000000,2
Bobby Brink,MIN,24,1500000,1
Danila Yurov,MIN,22,950000,3
Michael McCarron,MIN,31,900000,1
Marcus Johansson,MIN,35,800000,1
Robby Fabbri,MIN,30,775000,1
Brock Faber,MIN,23,8500000,8
Quinn Hughes,MIN,26,7850000,2
Jared Spurgeon,MIN,36,7575000,2
Jonas Brodin,MIN,32,6000000,3
Jake Middleton,MIN,30,4350000,4
Zach Bogosian,MIN,35,1250000,1
Daemon Hunt,MIN,23,775000,1
Jeff Petry,MIN,38,775000,1
Filip Gustavsson,MIN,27,3750000,1
Jesper Wallstedt,MIN,23,2200000,2
Riley Heidt,MIN,21,918333,3
Caedan Bankier,MIN,23,867500,1
Rasmus Kumpulainen,MIN,20,865833,3
Hunter Haight,MIN,22,865833,2
Oskar Olausson,MIN,23,863333,1
Cameron Butler,MIN,23,858333,1
Bradley Marek,MIN,25,790000,1
Nicolas Aube-Kubel,MIN,29,775000,1
Tyler Pitlick,MIN,34,775000,2
Ben Jones,MIN,27,775000,1
Charlie Stramel,MIN,21,1075000,3
Jack Peart,MIN,22,925000,2
Carson Lambos,MIN,23,863333,1
David Spacek,MIN,23,862500,1
Stevie Leskovar,MIN,21,860000,3
Roman Schmidt,MIN,23,805833,1
Ben Gleason,MIN,28,800000,1
Matt Kiersted,MIN,27,775000,2
Chase Wutzke,MIN,19,962500,3
Samuel Hlavaj,MIN,24,875000,1
Riley Mercer,MIN,22,819167,3
Cal Petersen,MIN,31,775000,1
Nate Benoit,MIN,23,,
James Clark,MIN,21,,
Matvey Guskov,MIN,25,,
Ryan Healey,MIN,21,,
Aron Kiviharju,MIN,20,,
Rieger Lorenz,MIN,22,,
Aaron Pionk,MIN,23,,
Ryder Ritchie,MIN,19,,
Sebastian Soini,MIN,19,,
Theodor Hallquisth,MIN,18,,
Adam Benak,MIN,18,,
Lirim Amidovski,MIN,19,,
Carter Klippenstein,MIN,19,,
Justin Kipkie,MIN,20,,
Patrik Laine,MTL,27,8700000,1
Nick Suzuki,MTL,26,7875000,5
Cole Caufield,MTL,25,7850000,6
Juraj Slafkovsky,MTL,22,7600000,8
Brendan Gallagher,MTL,33,6500000,2
Josh Anderson,MTL,31,5500000,2
Phillip Danault,MTL,33,5500000,2
Kirby Dach,MTL,25,3362500,1
Alex Newhook,MTL,25,2900000,2
Jake Evans,MTL,29,2850000,4
Alexandre Texier,MTL,26,1000000,1
Ivan Demidov,MTL,20,940833,2
Oliver Kapanen,MTL,22,925000,2
Joe Veleno,MTL,26,900000,1
Zack Bolduc,MTL,23,863333,1
Noah Dobson,MTL,26,9500000,8
Kaiden Guhle,MTL,24,5550000,6
Mike Matheson,MTL,32,4875000,1
Alexandre Carrier,MTL,29,3750000,2
Jayden Struble,MTL,24,1412500,2
Arber Xhekaj,MTL,25,1300000,1
Lane Hutson,MTL,22,950000,1
Adam Engstrom,MTL,22,896667,2
Sam Montembeault,MTL,29,3150000,2
Jakub Dobes,MTL,24,965000,2
Jacob Fowler,MTL,21,923333,3
Vinzenz Rohrer,MTL,21,950000,3
Luke Tuch,MTL,24,912500,1
Filip Mesar,MTL,22,886667,2
Tyler Thorpe,MTL,20,868333,3
Florian Xhekaj,MTL,21,866667,2
Jared Davidson,MTL,23,862500,1
Owen Beck,MTL,22,853333,2
Jake Chiasson,MTL,22,843333,1
Joshua Roy,MTL,22,835000,1
Alex Belzile,MTL,34,775000,1
Lucas Condotta,MTL,28,775000,2
Sean Farrell,MTL,24,775000,1
Sammy Blais,MTL,29,775000,1
Bryce Pickford,MTL,20,940833,3
David Reinbacher,MTL,21,886667,3
Gannon Laroque,MTL,22,836667,1
Nate Clurman,MTL,27,775000,1
William Trudeau,MTL,23,775000,1
Marc Del Gaizo,MTL,26,775000,1
Luke Mittelstadt,MTL,23,1013750,2
Owen Protz,MTL,20,975000,3
Kaapo Kahkonen,MTL,29,1150000,1
Hunter Shepard,MTL,30,775000,1
Rasmus Bergqvist,MTL,20,,
Emmett Croteau,MTL,22,,
Filip Eriksson,MTL,21,,
Alexander Gordin,MTL,24,,
Michael Hage,MTL,19,,
Sam Harris,MTL,22,,
Makar Khanin,MTL,21,,
Aatos Koivu,MTL,19,,
Bogdan Konyushkov,MTL,23,,
Dmitri Kostenko,MTL,23,,
Ben Merrill,MTL,20,,
Quentin Miller,MTL,21,,
Logan Sawyer,MTL,19,,
Jack Smith,MTL,23,,
Daniil Sobolev,MTL,23,,
Mikus Vecvanags,MTL,20,,
Yevgeni Volokhin,MTL,21,,
Alexander Zharovsky,MTL,19,,
Hayden Paupanekis,MTL,19,,
Arseni Radkov,MTL,18,,
L.J. Mooney,MTL,19,,
Alexis Cournoyer,MTL,20,,
Carlos Handel,MTL,19,,
Andrew MacNiel,MTL,18,,
Maxon Vig,MTL,20,,
Filip Forsberg,NSH,31,8500000,5
Steven Stamkos,NSH,36,8000000,3
Jonathan Marchessault,NSH,35,5500000,4
Ryan O'Reilly,NSH,35,4500000,2
Erik Haula,NSH,35,3150000,1
Luke Evangelista,NSH,24,3000000,2
Matthew Wood,NSH,21,950000,2
Fedor Svechkov,NSH,23,925000,1
Reid Schaefer,NSH,22,886667,2
Joakim Kemell,NSH,21,886667,2
Zachary L'Heureux,NSH,22,863333,1
Tyson Jost,NSH,28,775000,1
Ozzy Wiesblatt,NSH,24,775000,2
Roman Josi,NSH,35,9059000,3
Brady Skjei,NSH,32,7000000,6
Nicolas Hague,NSH,27,5500000,4
Nick Perbix,NSH,27,2750000,2
Justin Barron,NSH,24,1150000,1
Ryan Ufko,NSH,22,925000,2
Adam Wilsby,NSH,25,775000,2
Jordan Oesterle,NSH,33,775000,1
Juuse Saros,NSH,30,7740000,8
Justus Annunen,NSH,26,837500,1
Brady Martin,NSH,19,975000,3
Dalton Bancroft,NSH,25,950000,1
Massimo Rizzo,NSH,24,925000,1
Ryder Rolston,NSH,24,895000,1
David Edstrom,NSH,21,886667,3
Joey Willis,NSH,21,860000,3
Cole O'Hara,NSH,23,860000,2
Austin Roest,NSH,22,845000,2
Hiroki Gojsic,NSH,19,835000,3
Kalan Lind,NSH,21,806667,3
Jacob Lucchini,NSH,30,775000,1
Tanner Molendyk,NSH,21,886667,3
Christoffer Sedoff,NSH,24,870000,1
Andrew Gibson,NSH,21,865000,3
Jack Matier,NSH,23,801667,1
Kevin Gravel,NSH,34,775000,1
Andreas Englund,NSH,30,775000,1
Viggo Gustafsson,NSH,19,975000,3
Magnus Chrona,NSH,25,855000,1
Matt Murray,NSH,28,775000,2
Semyon Chystyakov,NSH,24,,
Aiden Fink,NSH,21,,
Adam Ingram,NSH,22,,
Kasper Kulonummi,NSH,22,,
Miguel Marques,NSH,20,,
Jakub Milota,NSH,19,,
Sutter Muzzatti,NSH,22,,
Felix Nilsson,NSH,20,,
Viktor Norringer,NSH,19,,
Erik Pahlsson,NSH,21,,
Teddy Stiga,NSH,20,,
Ben Strinden,NSH,23,,
Egor Surin,NSH,19,,
Konstantin Volkov,NSH,28,,
Cameron Reid,NSH,19,,
Ryker Lee,NSH,19,,
Jacob Rombach,NSH,19,,
Jack Ivankovic,NSH,18,,
Alex Huang,NSH,18,,
Daniel Nieminen,NSH,20,,
Timo Meier,NJD,29,8800000,6
Jack Hughes,NJD,24,8000000,5
Jesper Bratt,NJD,27,7875000,6
Nico Hischier,NJD,27,7250000,2
Dawson Mercer,NJD,24,4000000,2
Connor Brown,NJD,32,3000000,4
Cody Glass,NJD,27,2500000,2
Maxim Tsyplakov,NJD,27,2250000,2
Nick Bjugstad,NJD,33,1750000,2
Evgenii Dadonov,NJD,37,1000000,1
Lenni Hameenaho,NJD,21,950000,3
Arseni Gritsyuk,NJD,25,925000,1
Paul Cotter,NJD,26,775000,1
Marc McLaughlin,NJD,26,775000,1
Brian Halonen,NJD,27,775000,1
Dougie Hamilton,NJD,32,9000000,3
Luke Hughes,NJD,22,9000000,7
Brett Pesce,NJD,31,5500000,5
Brenden Dillon,NJD,35,4000000,2
Johnathan Kovacevic,NJD,28,4000000,5
Jonas Siegenthaler,NJD,28,3400000,3
Simon Nemec,NJD,22,918333,1
Dennis Cholowski,NJD,28,775000,1
Jacob Markstrom,NJD,36,4125000,1
Jake Allen,NJD,35,1800000,5
Stefan Noesen,NJD,33,2750000,2
Zack MacEwen,NJD,29,775000,1
Shane Lachance,NJD,22,925000,2
Dylan Wendt,NJD,25,870000,1
Cam Squires,NJD,20,838333,3
Josh Filmon,NJD,22,838333,2
Ryan Schmelzer,NJD,32,775000,1
Jonathan Gruden,NJD,25,775000,1
Mike Hardman,NJD,27,775000,1
Xavier Parent,NJD,25,775000,1
Nathan Legare,NJD,25,775000,1
Angus Crookshank,NJD,26,775000,2
Matyas Melovsky,NJD,21,972500,2
Mikael Diotte,NJD,22,950000,2
Seamus Casey,NJD,22,950000,2
Ethan Edwards,NJD,23,925000,2
Jeremy Hanzel,NJD,23,851667,2
Topias Vilen,NJD,23,836667,1
Calen Addison,NJD,25,775000,1
Colton White,NJD,28,775000,1
Tyler Brennan,NJD,22,870000,1
Jakub Malek,NJD,23,867500,1
Nico Daws,NJD,25,812500,1
Artem Barabosha,NJD,22,,
Chase Cheslock,NJD,21,,
Viktor Hurtig,NJD,23,,
Daniil Karpovich,NJD,21,,
Charlie Leddy,NJD,22,,
Veeti Louhivaara,NJD,20,,
Daniil Orlov,NJD,22,,
Kasper Pikkarainen,NJD,19,,
Nikita Popugaev,NJD,27,,
Samu Salminen,NJD,22,,
Anton Silayev,NJD,19,,
Mikhail Yegorov,NJD,20,,
Yegor Zaitsev,NJD,27,,
Conrad Fondrk,NJD,18,,
Benjamin Kevan,NJD,19,,
Mason Moe,NJD,19,,
Trenten Bennett,NJD,20,,
Gustav Hillström,NJD,19,,
David Rozsíval,NJD,18,,
Sigge Holmgren,NJD,19,,
Mathew Barzal,NYI,28,9150000,6
Bo Horvat,NYI,31,8500000,6
Anders Lee,NYI,35,7000000,1
Brayden Schenn,NYI,34,6500000,3
Ondrej Palat,NYI,35,6000000,2
Jean-Gabriel Pageau,NYI,33,5000000,1
Simon Holmstrom,NYI,24,3625000,2
Anthony Duclair,NYI,30,3500000,3
Casey Cizikas,NYI,35,2500000,2
Emil Heineman,NYI,24,1100000,2
Maxim Shabanov,NYI,25,975000,1
Calum Ritchie,NYI,21,918333,3
Marc Gatcomb,NYI,26,900000,1
Kyle MacLean,NYI,26,775000,2
Ryan Pulock,NYI,31,6150000,5
Adam Pelech,NYI,31,5750000,4
Scott Mayfield,NYI,33,3500000,5
Carson Soucy,NYI,31,3250000,1
Tony DeAngelo,NYI,30,1750000,1
Matthew Schaefer,NYI,18,975000,3
Adam Boqvist,NYI,25,850000,1
Isaiah George,NYI,22,838333,2
Ilya Sorokin,NYI,30,8250000,7
David Rittich,NYI,33,1000000,1
Kyle Palmieri,NYI,35,4750000,2
Alexander Romanov,NYI,26,6250000,8
Pierre Engvall,NYI,29,3000000,5
Semyon Varlamov,NYI,37,2750000,2
Victor Eklund,NYI,19,975000,3
Daniil Prokhorov,NYI,18,915000,3
Gleb Veremyev,NYI,22,885000,2
Matthew Maggio,NYI,23,870000,1
Camden Thiesing,NYI,25,870000,1
Alex Jefferies,NYI,24,867500,1
Eetu Liukas,NYI,23,867500,1
Daylan Kuefler,NYI,24,840000,1
Jesse Nurmi,NYI,21,838333,3
Joey Larson,NYI,25,823750,1
Adam Beckman,NYI,24,775000,1
Liam Foudy,NYI,26,775000,1
Matthew Highmore,NYI,30,775000,1
Matt Luff,NYI,28,775000,1
Cole Eiserman,NYI,19,1075000,3
Jesse Pulkkinen,NYI,21,880833,2
Marshall Warren,NYI,24,825000,1
Calle Odelius,NYI,21,815000,2
Travis Mitchell,NYI,26,775000,1
Ethan Bear,NYI,28,775000,1
Cole McWard,NYI,24,775000,1
Kashawn Aitcheson,NYI,19,1075000,3
Tristan Lennox,NYI,23,867500,1
Henrik Tikkanen,NYI,25,823750,1
Marcus Hogberg,NYI,31,775000,1
Joshua Kotai,NYI,23,965000,2
Kamil Bednarik,NYI,19,,
Quinn Finley,NYI,21,,
Dmitry Gamzin,NYI,23,,
Dennis Good Bogg,NYI,22,,
Tomas Machu,NYI,23,,
Danny Nelson,NYI,20,,
Zachary Schulz,NYI,20,,
Xavier Veilleux,NYI,20,,
Luca Romano,NYI,18,,
Tomas Poletin,NYI,18,,
Sam Laurila,NYI,19,,
Burke Hood,NYI,18,,
Jacob Kvasnicka,NYI,18,,
Mika Zibanejad,NYR,32,8500000,5
J.T. Miller,NYR,33,8000000,5
Alexis Lafrenière,NYR,24,7450000,7
Vincent Trocheck,NYR,32,5625000,4
Will Cuylle,NYR,24,3900000,2
Taylor Raddysh,NYR,28,1500000,2
Tye Kartye,NYR,24,1250000,2
Matt Rempe,NYR,23,975000,2
Adam Edstrom,NYR,25,975000,2
Gabe Perreault,NYR,20,941667,2
Noah Laba,NYR,22,870000,2
Jaroslav Chmelar,NYR,22,867500,2
Adam Sykora,NYR,21,806667,2
Jonny Brodzinski,NYR,32,787500,1
Conor Sheary,NYR,33,775000,1
Adam Fox,NYR,28,9500000,4
Vladislav Gavrikov,NYR,30,7000000,7
Will Borgen,NYR,29,4100000,5
Braden Schneider,NYR,24,2200000,1
Urho Vaakanainen,NYR,27,1550000,2
Vincent Iorio,NYR,23,814167,1
Matthew Robertson,NYR,25,775000,2
Igor Shesterkin,NYR,30,11500000,8
Jonathan Quick,NYR,40,1550000,1
Dylan Garand,NYR,23,775000,1
Liam Greentree,NYR,20,942500,3
Jacob Battaglia,NYR,20,931667,3
Nathan Aspinall,NYR,20,925000,3
Aidan Thompson,NYR,24,895000,2
Carey Terrance,NYR,20,886667,3
Brett Berard,NYR,23,867500,1
Kalle Vaisanen,NYR,23,863333,2
Dylan Roobroeck,NYR,21,850000,2
Bryce McConnell-Barker,NYR,21,838333,2
Trey Fix-Wolansky,NYR,26,775000,1
Justin Dowling,NYR,35,775000,2
Anton Blidh,NYR,31,775000,2
Brendan Brisson,NYR,24,775000,1
Juuso Parssinen,NYR,25,1250000,2
Brody Lamb,NYR,22,980000,2
Drew Fortescue,NYR,20,923333,3
Scott Morrow,NYR,23,916667,1
Jackson Dorrington,NYR,21,851667,3
Casey Fitzgerald,NYR,29,775000,1
Brandon Scanlin,NYR,26,775000,1
Connor Mackey,NYR,29,775000,1
Callum Tung,NYR,22,872500,3
Hugo Ollas,NYR,23,855000,1
Talyn Boyko,NYR,23,775000,1
Spencer Martin,NYR,30,775000,2
Raoul Boilard,NYR,20,,
EJ Emery,NYR,20,,
Rico Gredig,NYR,21,,
Ty Henricks,NYR,20,,
Rasmus Larsson,NYR,22,,
Lauri Pajuniemi,NYR,26,,
Malcolm Spence,NYR,19,,
Sean Barnhill,NYR,19,,
Artyom Gonchar,NYR,19,,
Mikkel Eriksen,NYR,18,,
Zeb Lindgren,NYR,18,,
Samuel Jung,NYR,19,,
Evan Passmore,NYR,19,,
Felix Färhammar,NYR,18,,
Tim Stützle,OTT,24,8350000,6
Brady Tkachuk,OTT,26,8205714,3
Dylan Cozens,OTT,25,7100000,5
Drake Batherson,OTT,27,4975000,2
Fabian Zetterlund,OTT,26,4275000,3
Shane Pinto,OTT,25,3750000,1
Warren Foegele,OTT,30,3500000,2
Ridly Greig,OTT,23,3250000,4
Michael Amadio,OTT,29,2600000,2
Claude Giroux,OTT,38,2000000,1
Lars Eller,OTT,36,1250000,1
Kurtis MacDermid,OTT,32,1150000,2
Stephen Halliday,OTT,23,950000,1
Nick Cousins,OTT,32,825000,1
Jake Sanderson,OTT,23,8050000,7
Thomas Chabot,OTT,29,8000000,3
Artem Zub,OTT,30,4600000,2
Nick Jensen,OTT,35,4050000,1
Tyler Kleven,OTT,24,1600000,2
Jordan Spence,OTT,25,1500000,1
Nikolas Matinpalo,OTT,27,875000,2
Dennis Gilbert,OTT,29,875000,1
Cameron Crotty,OTT,26,812500,2
Lassi Thomson,OTT,25,775000,1
Linus Ullmark,OTT,32,8250000,4
James Reimer,OTT,38,850000,1
Lucas Ellinas,OTT,20,875000,3
Tyler Boucher,OTT,23,863333,1
Riley Kidney,OTT,23,836667,1
Oskar Pettersson,OTT,22,835000,2
Garrett Pilon,OTT,27,775000,1
Hayden Hodgson,OTT,30,775000,2
Olle Lycksell,OTT,26,775000,1
Xavier Bourgault,OTT,23,775000,1
Arthur Kaliyev,OTT,24,775000,1
Graeme Clarke,OTT,24,775000,1
Carter Yakemchuk,OTT,20,942500,3
Matthew Andonovski,OTT,21,836667,3
Djibril Toure,OTT,22,805000,1
Tomas Hamara,OTT,22,803333,2
Jorian Donovan,OTT,22,796667,2
Samuel Bolduc,OTT,25,775000,1
Gabriel Eliasson,OTT,19,1007500,3
Hoyt Stanley,OTT,21,1075000,3
Leevi Merilainen,OTT,23,1050000,1
Jackson Parsons,OTT,21,829167,3
Mads Sogaard,OTT,25,775000,1
Kevin Reidler,OTT,21,946250,2
Owen Beckner,OTT,21,,
Tyson Dyck,OTT,22,,
Blake Montgomery,OTT,20,,
Javon Moore,OTT,20,,
Vladimir Nikitin,OTT,21,,
Filip Nordberg,OTT,22,,
Cameron O'Neill,OTT,22,,
Nicholas Vantassell,OTT,21,,
Theo Wallberg,OTT,22,,
Eerik Wallenius,OTT,20,,
Alex Formenton,OTT,26,,
Logan Hensler,OTT,19,,
Blake Vanek,OTT,18,,
Lucas Beckman,OTT,18,,
Dmitri Isayev,OTT,18,,
Bruno Idzan,OTT,20,,
Andrei Trofimov,OTT,19,,
Travis Konecny,PHI,29,8750000,8
Sean Couturier,PHI,33,7750000,5
Owen Tippett,PHI,27,6200000,7
Trevor Zegras,PHI,25,5750000,1
Christian Dvorak,PHI,30,5400000,1
Noah Cates,PHI,27,4000000,4
Tyson Foerster,PHI,24,3750000,2
Garnet Hathaway,PHI,34,2400000,2
Carl Grundstrom,PHI,28,1800000,1
Matvei Michkov,PHI,21,950000,2
Alex Bump,PHI,22,950000,3
Denver Barkey,PHI,20,881667,3
Nikita Grebenkin,PHI,22,875000,1
Rodrigo Abols,PHI,30,800000,1
Luke Glendening,PHI,36,775000,1
Garrett Wilson,PHI,35,775000,1
Travis Sanheim,PHI,30,6250000,6
Cam York,PHI,25,5150000,5
Rasmus Ristolainen,PHI,31,5100000,2
Nick Seeler,PHI,32,2700000,3
Jamie Drysdale,PHI,24,2300000,1
Emil Andrae,PHI,24,903333,1
Noah Juulsen,PHI,29,900000,1
Dan Vladar,PHI,28,3350000,2
Samuel Ersson,PHI,26,1450000,1
Karsen Dorwart,PHI,23,975000,1
Porter Martone,PHI,19,966667,3
Jett Luchanko,PHI,19,942500,3
Devin Kaplan,PHI,22,921667,2
Jacob Gaucher,PHI,25,872500,1
Tucker Robertson,PHI,22,870000,1
Brett Harrison,PHI,22,836667,1
Oscar Eklind,PHI,27,800000,1
Anthony Richard,PHI,29,775000,1
Lane Pederson,PHI,28,775000,1
Boris Katchouk,PHI,27,775000,1
Philip Tomasino,PHI,24,1750000,1
Noah Powell,PHI,21,985000,3
Cole Knuble,PHI,21,980000,2
Riley Thompson,PHI,23,1025000,1
Alex Ciernik,PHI,21,975000,3
Hunter McDonald,PHI,23,950000,1
David Jiricek,PHI,22,918333,1
Spencer Gill,PHI,19,890000,3
Oliver Bonk,PHI,21,886667,3
Christian Kyrou,PHI,22,878333,1
Artem Guryev,PHI,22,860000,1
Ty Murchison,PHI,23,860000,2
Jackson Edward,PHI,22,831667,2
Helge Grans,PHI,23,787500,2
Adam Ginning,PHI,26,787500,1
Maxence Guenette,PHI,24,775000,1
Aleksei Kolosov,PHI,24,925000,1
Carson Bjarnason,PHI,20,850000,3
Jack Berglund,PHI,19,,
Ryan MacPherson,PHI,21,,
Owen McLaughlin,PHI,23,,
Austin Moline,PHI,20,,
Ilya Pautov,PHI,19,,
Heikki Ruohonen,PHI,19,,
Santeri Sulku,PHI,21,,
Matej Tomek,PHI,28,,
Egor Zavragin,PHI,20,,
Jack Nesbitt,PHI,19,,
Carter Amico,PHI,19,,
Jack Murtagh,PHI,18,,
Shane Vansaghi,PHI,19,,
Matthew Gard,PHI,19,,
Max Westergård,PHI,18,,
Luke Vlooswyk,PHI,19,,
Nathan Quinn,PHI,18,,
Sidney Crosby,PIT,38,8700000,2
Evgeni Malkin,PIT,39,6100000,1
Bryan Rust,PIT,33,5125000,3
Rickard Rakell,PIT,32,5000000,3
Kevin Hayes,PIT,33,3571429,1
Tommy Novak,PIT,28,3500000,2
Anthony Mantha,PIT,31,2500000,1
Yegor Chinakhov,PIT,25,2100000,1
Noel Acciari,PIT,34,2000000,1
Blake Lizotte,PIT,28,1850000,1
Justin Brazeau,PIT,28,1500000,2
Elmer Soderblom,PIT,24,1125000,2
Connor Dewar,PIT,26,1100000,1
Benjamin Kindel,PIT,18,975000,3
Avery Hayes,PIT,23,830000,2
Filip Hallander,PIT,25,775000,2
Erik Karlsson,PIT,35,10000000,2
Kris Letang,PIT,38,6100000,3
Samuel Girard,PIT,27,5000000,2
Ryan Graves,PIT,30,4500000,4
Connor Clifton,PIT,30,3333333,1
Parker Wotherspoon,PIT,28,1000000,2
Ryan Shea,PIT,29,900000,1
Ilya Solovyov,PIT,25,775000,1
Jack St. Ivany,PIT,26,775000,2
Stuart Skinner,PIT,27,2600000,1
Sergey Murashov,PIT,22,861110,2
Arturs Silovs,PIT,25,850000,1
Rutger McGroarty,PIT,22,950000,2
Tristan Broz,PIT,23,925000,2
Melvin Fernstrom,PIT,20,872500,3
Mikhail Ilyin,PIT,21,851667,3
Tanner Howe,PIT,20,845833,3
Ville Koivunen,PIT,22,805833,1
Bokondji Imama,PIT,29,775000,1
Rafael Harvey-Pinard,PIT,27,775000,1
Joona Koppanen,PIT,28,775000,1
Vasily Ponomarev,PIT,24,795000,
Bill Zonnon,PIT,19,1060000,3
Mathew Dumba,PIT,31,3750000,1
Owen Pickering,PIT,22,886667,2
Peyton Kettles,PIT,18,875000,3
Chase Pietila,PIT,22,860000,3
Daniel Laatsch,PIT,24,860000,2
Finn Harding,PIT,21,855000,3
Harrison Brunicke,PIT,19,845833,3
Emil Pieniniemi,PIT,21,806667,3
Philip Kemp,PIT,27,775000,2
Sebastian Aho,PIT,30,775000,1
Alexander Alexeyev,PIT,26,775000,1
Egor Zamula,PIT,26,1000000,1
Joel Blomqvist,PIT,24,886667,1
Taylor Gauthier,PIT,25,775000,1
Gabriel D'Aigle,PIT,19,995000,3
Luke Devlin,PIT,22,,
Emil Jarventie,PIT,21,,
Kalle Kangas,PIT,21,,
Cruz Lucius,PIT,22,,
Zam Plante,PIT,21,,
Mac Swanson,PIT,20,,
Kirill Tankov,PIT,24,,
Joona Vaisanen,PIT,21,,
William Horcoff,PIT,19,,
Charlie Trethewey,PIT,18,,
Brady Peddle,PIT,18,,
Travis Hayes,PIT,18,,
Ryan Miller,PIT,18,,
Quinn Beauchesne,PIT,19,,
Jordan Charron,PIT,18,,
Carter Sanderson,PIT,18,,
Kale Dach,PIT,19,,
Logan Couture,SJS,37,8000000,2
Tyler Toffoli,SJS,33,6000000,3
Alexander Wennberg,SJS,31,5000000,1
Barclay Goodrow,SJS,33,3641667,2
Adam Gaudette,SJS,29,2000000,2
Kiefer Sherwood,SJS,31,1500000,1
Ryan Reaves,SJS,39,1350000,1
Ty Dellandrea,SJS,25,1300000,1
Philipp Kurashev,SJS,26,1200000,1
Macklin Celebrini,SJS,19,975000,2
Michael Misa,SJS,19,975000,3
Will Smith,SJS,21,950000,2
Collin Graf,SJS,23,941667,1
Igor Chernyshov,SJS,20,934167,3
William Eklund,SJS,23,863333,1
Zack Ostapchuk,SJS,22,825000,1
Pavol Regenda,SJS,26,775000,1
Dmitry Orlov,SJS,34,6500000,2
John Klingberg,SJS,33,4000000,1
Nick Leddy,SJS,35,4000000,1
Mario Ferraro,SJS,27,3250000,1
Vincent Desharnais,SJS,29,2000000,1
Shakir Mukhamadullin,SJS,24,1000000,1
Sam Dickinson,SJS,19,942500,3
Alex Nedeljkovic,SJS,30,2500000,1
Yaroslav Askarov,SJS,23,2000000,2
Carey Price,SJS,38,10500000,1
Cameron Lund,SJS,21,941667,2
Filip Bystedt,SJS,22,918333,2
Quentin Musty,SJS,20,886667,3
Kasper Halttunen,SJS,20,876667,3
Ethan Cardwell,SJS,23,867500,1
Egor Afanasyev,SJS,25,800000,1
Jimmy Huntington,SJS,27,775000,1
Samuel Laberge,SJS,28,775000,1
Shane Bowers,SJS,26,775000,1
Colin White,SJS,29,775000,1
Patrick Giles,SJS,26,775000,1
Noah Beck,SJS,25,975000,1
Leo Sahlin Wallenius,SJS,19,940000,3
Mattias Havelid,SJS,22,905000,3
Luca Cagnoni,SJS,21,895000,2
Nolan Allan,SJS,22,825000,1
Lucas Carlsson,SJS,28,800000,1
Jett Woo,SJS,25,775000,1
Laurent Brossoit,SJS,33,3300000,1
Gabriel Carriere,SJS,25,795000,1
Jakub Skarek,SJS,26,775000,1
Eli Barnett,SJS,22,,
Michael Fisher,SJS,21,,
Evgenii Kashnikov,SJS,23,,
Christian Kirsch,SJS,19,,
David Klee,SJS,20,,
Yaroslav Korostelyov,SJS,20,,
Axel Landen,SJS,21,,
Reese Laubach,SJS,22,,
Nate Misskey,SJS,21,,
Joey Muldowney,SJS,21,,
Eric Pohlkamp,SJS,22,,
Yegor Rimashevskiy,SJS,21,,
Colton Roberts,SJS,19,,
Yegor Spiridonov,SJS,25,,
Brandon Svoboda,SJS,21,,
Carson Wetsch,SJS,19,,
Martin Kaut,SJS,26,,
Sasha Chmelevski,SJS,26,,
Joshua Ravensbergen,SJS,19,,
Simon Wang,SJS,18,,
Cole Mckinney,SJS,19,,
Teddy Mutryn,SJS,19,,
Ilyas Magomedsultanov,SJS,19,,
Max Heise,SJS,20,,
Zack Sharp,SJS,21,,
Richard Gallant,SJS,18,,
Matty Beniers,SEA,23,7142857,6
Chandler Stephenson,SEA,31,6250000,6
Jaden Schwartz,SEA,33,5500000,1
Jared McCann,SEA,29,5000000,2
Jordan Eberle,SEA,35,4750000,1
Kaapo Kakko,SEA,25,4525000,3
Eeli Tolvanen,SEA,26,3475000,1
Frederick Gaudreau,SEA,32,2100000,3
Bobby McMann,SEA,29,1350000,1
Berkly Catton,SEA,20,942500,3
Oscar Fisker Molgaard,SEA,21,891667,3
Shane Wright,SEA,22,886667,2
Ryan Winterton,SEA,22,828333,1
Jacob Melanson,SEA,22,826111,1
Max McCormick,SEA,33,775000,1
Ben Meyers,SEA,27,775000,1
Vince Dunn,SEA,29,7350000,2
Brandon Montour,SEA,31,7142857,6
Adam Larsson,SEA,33,5250000,4
Jamie Oleksiak,SEA,33,4600000,1
Ryan Lindgren,SEA,28,4500000,4
Ryker Evans,SEA,24,2050000,2
Josh Mahura,SEA,27,907500,2
Cale Fleury,SEA,27,890000,2
Philipp Grubauer,SEA,34,5900000,2
Joey Daccord,SEA,29,5000000,5
Matt Murray,SEA,31,1000000,1
Jake O'Brien,SEA,18,975000,3
Nathan Villeneuve,SEA,19,940833,3
Julius Miettinen,SEA,20,940833,3
Carson Rehkopf,SEA,21,891667,3
Jagger Firkus,SEA,21,891667,2
David Goyette,SEA,22,891667,2
Jani Nyman,SEA,21,891667,2
Eduard Sale,SEA,21,886667,3
Andrei Loshko,SEA,21,870000,3
Lleyton Roed,SEA,23,870000,1
Logan Morrison,SEA,23,870000,1
Jon-Randall Avon,SEA,22,800000,1
Mitchell Stephens,SEA,29,775000,1
John Hayden,SEA,31,775000,2
Ryden Evers,SEA,20,1075000,3
Tyson Jugnauth,SEA,21,950000,3
Lukas Dragicevic,SEA,20,891667,3
Ville Ottavainen,SEA,23,867500,1
Kaden Hammell,SEA,21,865833,3
Ty Nelson,SEA,22,836667,2
Caden Price,SEA,20,835833,3
Gustav Olofsson,SEA,31,775000,1
Niklas Kokko,SEA,22,891667,2
Victor Ostman,SEA,25,870000,1
Kim Saarinen,SEA,19,840000,3
Alexis Bernier,SEA,19,,
Clarke Caswell,SEA,20,,
Jakub Fibigr,SEA,19,,
Zeb Forsfjall,SEA,21,,
Barrett Hall,SEA,22,,
Ollie Josephson,SEA,19,,
Ben MacDonald,SEA,22,,
Visa Vedenpaa,SEA,20,,
Semyon Vyazovoi,SEA,23,,
Zaccharya Wisdom,SEA,21,,
Blake Fiddler,SEA,18,,
Will Reynolds,SEA,18,,
Maxim Agafonov,SEA,18,,
Karl Annborn,SEA,19,,
Loke Krantz,SEA,18,,
Jordan Kyrou,STL,27,8125000,6
Robert Thomas,STL,26,8125000,6
Pavel Buchnevich,STL,30,8000000,6
Pius Suter,STL,29,4125000,2
Jonathan Drouin,STL,31,4000000,2
Jake Neighbours,STL,24,3750000,2
Dylan Holloway,STL,24,2290457,1
Jonatan Berggren,STL,25,1825000,1
Alexey Toropchenko,STL,26,1700000,1
Oskar Sundqvist,STL,32,1500000,1
Jimmy Snuggerud,STL,21,950000,2
Otto Stenberg,STL,20,918333,3
Dalibor Dvorsky,STL,20,886667,3
Nathan Walker,STL,32,775000,1
Jack Finley,STL,23,775000,3
Colton Parayko,STL,32,6500000,5
Philip Broberg,STL,24,4580917,1
Cam Fowler,STL,34,4000000,1
Justin Holl,STL,34,3400000,1
Tyler Tucker,STL,26,925000,2
Theo Lindstein,STL,21,918333,3
Logan Mailloux,STL,22,875000,1
Matthew Kessel,STL,25,800000,1
Jordan Binnington,STL,32,6000000,2
Joel Hofer,STL,25,3400000,2
Torey Krug,STL,34,6500000,2
Justin Carbonneau,STL,19,975000,3
Adam Jecho,STL,20,872500,3
Aleksanteri Kaskimaki,STL,22,870000,2
Dylan Peterson,STL,24,867500,1
Simon Robertsson,STL,23,867500,2
Nikita Susuyev,STL,21,855000,3
Zach Dean,STL,23,852500,1
Juraj Pekarcik,STL,20,838333,3
Jakub Stancl,STL,20,835000,3
Akil Thomas,STL,26,775000,1
Hugh McGing,STL,27,775000,1
Thomas Bordeleau,STL,24,775000,1
Julien Gauthier,STL,28,775000,1
Mathieu Joseph,STL,29,900000,1
Félix Trudeau,STL,23,975000,2
Adam Jiricek,STL,19,942500,3
Lukas Fischer,STL,19,931667,3
Leo Loof,STL,23,867500,1
Michael Buchinger,STL,21,838333,2
Quinton Burns,STL,20,838333,3
Marc-Andre Gaudet,STL,22,802500,2
Calle Rosen,STL,32,775000,1
Hunter Skinner,STL,24,775000,1
Colin Ralph,STL,20,975000,3
Vadim Zherenko,STL,25,775000,1
Will Cranley,STL,24,775000,1
Georgi Romanov,STL,26,775000,1
Antoine Dorion,STL,20,,
Arseni Koromyslov,STL,22,,
Matvei Korotky,STL,20,,
Ondrej Kos,STL,20,,
William Mcisaac,STL,19,,
Tomas Mrsic,STL,20,,
Ivan Vorobyov,STL,24,,
Mikhail Fyodorov,STL,19,,
Love Härenstam,STL,19,,
Dmitri Buchelnikov,STL,22,,
Marcus Gidlof,STL,20,,
Nikita Kucherov,TBL,32,9500000,2
Brayden Point,TBL,30,9500000,5
Jake Guentzel,TBL,31,9000000,6
Brandon Hagel,TBL,27,6500000,7
Anthony Cirelli,TBL,28,6250000,6
Oliver Bjorkstrand,TBL,30,5400000,1
Nicholas Paul,TBL,31,3150000,4
Yanni Gourde,TBL,34,2333333,6
Pontus Holmberg,TBL,27,1550000,2
Gage Goncalves,TBL,25,1200000,2
Corey Perry,TBL,40,2000000,1
Dominic James,TBL,23,910000,2
Conor Geekie,TBL,21,886667,2
Zemgus Girgensons,TBL,32,850000,2
Scott Sabourin,TBL,33,775000,1
Jakob Pelletier,TBL,25,775000,3
Victor Hedman,TBL,35,8000000,4
Ryan McDonagh,TBL,36,6750000,1
Erik Cernak,TBL,28,5200000,6
J.J. Moser,TBL,25,3375000,1
Darren Raddysh,TBL,30,975000,1
Emil Lilleberg,TBL,25,800000,2
Declan Carlile,TBL,25,775000,1
Charle-Édouard D'Astous,TBL,27,775000,1
Steven Santini,TBL,31,775000,2
Andrei Vasilevskiy,TBL,31,9500000,3
Jonas Johansson,TBL,30,1250000,2
Ethan Czata,TBL,18,931667,3
Sam O'Reilly,TBL,20,931500,3
Lucas Mercuri,TBL,24,896250,2
Milo Roelens,TBL,23,870000,2
Gabriel Szturc,TBL,22,870000,2
Connor Kurth,TBL,22,870000,2
Cooper Flinton,TBL,22,867500,2
Dylan Duke,TBL,23,867500,2
Tristan Allard,TBL,23,860000,2
Ethan Gauthier,TBL,21,833333,3
Mitchell Chaffee,TBL,28,800000,1
Nick Abruzzese,TBL,26,775000,1
Noah Steen,TBL,21,972500,2
Dyllan Gill,TBL,21,870000,2
Maxim Groshev,TBL,24,867500,1
Ethan Samson,TBL,22,846667,1
Simon Lundmark,TBL,25,775000,2
Ian Mitchell,TBL,27,775000,1
Harrison Meneghin,TBL,21,872500,3
Ryan Fanti,TBL,26,775000,1
Brandon Halverson,TBL,30,775000,1
Hagen Burrows,TBL,20,,
Warren Clark,TBL,21,,
Joe Connor,TBL,21,,
Jan Golicic,TBL,19,,
Jack Harvey,TBL,23,,
Kaden Pitre,TBL,20,,
Daniil Pylenkov,TBL,25,,
Joona Saarelainen,TBL,20,,
Mikhail Shalagin,TBL,26,,
Jayson Shaugabay,TBL,21,,
Klavs Veinbergs,TBL,23,,
Benjamin Rautiainen,TBL,20,,
Aiden Foster,TBL,19,,
Everett Baldwin,TBL,19,,
Caleb Heil,TBL,19,,
Roman Luttsev,TBL,20,,
Grant Spada,TBL,18,,
Marco Mignosa,TBL,20,,
Auston Matthews,TOR,28,13250000,3
William Nylander,TOR,29,11500000,7
Matthew Knies,TOR,23,7750000,6
John Tavares,TOR,35,4380000,4
Max Domi,TOR,31,3750000,3
Matias Maccelli,TOR,25,3425000,1
Dakota Joshua,TOR,29,3250000,3
Calle Jarnkrok,TOR,34,2100000,1
Nicholas Robertson,TOR,24,1825000,1
Steven Lorentz,TOR,29,1350000,3
Jacob Quillan,TOR,24,875000,1
Easton Cowan,TOR,20,873500,3
Michael Pezzetta,TOR,28,812500,2
Bo Groulx,TOR,26,812500,2
Morgan Rielly,TOR,32,7500000,5
Jake McCabe,TOR,32,4491898,5
Oliver Ekman-Larsson,TOR,34,3500000,3
Brandon Carlo,TOR,29,3485000,2
Simon Benoit,TOR,27,1350000,2
Philippe Myers,TOR,29,850000,2
Troy Stecher,TOR,32,787500,1
Joseph Woll,TOR,27,3666667,3
Anthony Stolarz,TOR,32,2500000,1
Chris Tanev,TOR,36,4500000,5
Miroslav Holinka,TOR,20,918333,3
Luke Haymes,TOR,22,875000,2
Borya Valis,TOR,22,872500,3
Ryan Tverberg,TOR,24,851667,1
Braeden Kressler,TOR,23,800556,1
Travis Boyd,TOR,32,775000,1
Vinni Lettieri,TOR,31,775000,1
Roni Hirvonen,TOR,24,856667,
Brandon Buhr,TOR,23,975000,1
Henry Thrun,TOR,25,1000000,1
Ben Danford,TOR,20,931500,3
Blake Smith,TOR,21,875000,3
John Prokop,TOR,24,875000,1
Cade Webber,TOR,25,825000,2
Dakota Mermis,TOR,32,812500,2
Noah Chadwick,TOR,20,800000,3
Marshall Rifai,TOR,28,775000,2
William Villeneuve,TOR,24,775000,1
Matt Benning,TOR,31,1250000,1
Topi Niemela,TOR,24,856667,
Vincent Borgesi,TOR,22,987500,2
Hayes Hundley,TOR,21,975000,3
Vyacheslav Peksa,TOR,23,851667,1
Artur Akhtyamov,TOR,24,851667,1
Dennis Hildeby,TOR,24,841667,3
Vladimir Bobylev,TOR,28,,
Nikolai Chebykin,TOR,28,,
Victor Johansson,TOR,19,,
Vladislav Kara,TOR,27,,
Semyon Kizimov,TOR,26,,
Matt Lahey,TOR,19,,
Hudson Malinoski,TOR,21,,
Nathan Mayes,TOR,19,,
Sam Mccue,TOR,20,,
Joe Miller,TOR,23,,
Nicholas Moldenhauer,TOR,21,,
Timofei Obvintsev,TOR,21,,
Alexander Plesovskikh,TOR,19,,
Kirill Slepets,TOR,27,,
Semyon Der-Arguchintsev,TOR,25,,
Tinus Luc Koblar,TOR,18,,
Tyler Hopkins,TOR,19,,
William Belle,TOR,19,,
Harry Nansi,TOR,18,,
Rylan Fellinger,TOR,18,,
Matthew Hlacar,TOR,19,,
JJ Peterka,UTA,24,7700000,5
Clayton Keller,UTA,27,7150000,3
Dylan Guenther,UTA,22,7142857,8
Nick Schmaltz,UTA,30,5850000,1
Lawson Crouse,UTA,28,4300000,2
Jack McBain,UTA,26,4250000,5
Alex Kerfoot,UTA,31,3000000,1
Barrett Hayton,UTA,25,2650000,1
Brandon Tanev,UTA,34,2500000,3
Kevin Stenlund,UTA,29,2000000,1
Liam O'Brien,UTA,31,1000000,2
Logan Cooley,UTA,21,950000,1
Michael Carcone,UTA,29,775000,1
Kailer Yamamoto,UTA,27,775000,1
Kevin Rooney,UTA,32,775000,1
Mikhail Sergachev,UTA,27,8500000,6
MacKenzie Weegar,UTA,32,6250000,6
Sean Durzi,UTA,27,6000000,3
John Marino,UTA,28,4400000,2
Nate Schmidt,UTA,34,3500000,3
Ian Cole,UTA,37,2800000,1
Dmitriy Simashev,UTA,21,950000,3
Nick DeSimone,UTA,31,800000,1
Karel Vejmelka,UTA,29,4750000,5
Vitek Vanecek,UTA,30,1500000,1
Anson Thornton,UTA,22,795556,1
Danil But,UTA,21,950000,3
Tij Iginla,UTA,19,942500,3
Cole Beaudoin,UTA,19,942500,3
Julian Lutz,UTA,22,923333,2
Miko Matikka,UTA,22,870000,2
Owen Allard,UTA,22,869167,2
Gabe Smith,UTA,19,869167,3
Michal Kunc,UTA,25,861000,1
Sam Lipkin,UTA,23,851667,2
Noel Nordh,UTA,21,835000,3
Cameron Hebig,UTA,29,812500,2
Andrew Agozzino,UTA,35,775000,1
Ben McCartney,UTA,24,775000,2
Caleb Desnoyers,UTA,18,975000,3
Artem Duda,UTA,22,950000,2
Maveric Lamoureux,UTA,22,886667,2
Tomas Lavoie,UTA,20,872500,3
Maksymilian Szuber,UTA,23,859167,1
Terrell Goldsmith,UTA,20,838333,3
Montana Onyebuchi,UTA,26,775000,2
Scott Perunovich,UTA,27,775000,1
Kevin Connauton,UTA,36,775000,1
Jaxson Stauber,UTA,26,775000,2
Matt Villalta,UTA,26,775000,1
Michael Hrabal,UTA,21,1075000,3
Samu Bau,UTA,21,,
Gregor Biber,UTA,19,,
Ales Cech,UTA,21,,
Ilya Fedotov,UTA,23,,
Vojtech Hradec,UTA,20,,
Ludvig Lafton,UTA,20,,
Tanner Ludtke,UTA,21,,
Matthew Morden,UTA,21,,
Vadim Moroz,UTA,22,,
Carsen Musser,UTA,20,,
Will Skahan,UTA,19,,
Melker Thelin,UTA,20,,
Cal Thomas,UTA,22,,
Veeti Vaisanen,UTA,20,,
Max Psenicka,UTA,19,,
Stepan Hoch,UTA,19,,
Yegor Borikov,UTA,20,,
Ivan Tkach-Tkachenko,UTA,18,,
Ludvig Johnson,UTA,19,,
Reko Alanko,UTA,18,,
Elias Pettersson,VAN,27,11600000,7
Brock Boeser,VAN,29,7250000,7
Jake DeBrusk,VAN,29,5500000,6
Evander Kane,VAN,34,5125000,1
Marco Rossi,VAN,24,5000000,3
Filip Chytil,VAN,26,4437500,2
Nils Hoglander,VAN,25,3000000,3
Drew O'Connor,VAN,27,2500000,2
Teddy Blueger,VAN,31,1800000,1
Liam Ohgren,VAN,22,886667,2
Ty Mueller,VAN,23,870000,2
Aatu Raty,VAN,23,775000,2
Linus Karlsson,VAN,26,775000,1
Max Sasson,VAN,25,775000,1
Curtis Douglas,VAN,26,775000,1
Filip Hronek,VAN,28,7250000,7
Marcus Pettersson,VAN,29,5500000,6
Zeev Buium,VAN,20,966500,2
Tom Willander,VAN,21,950000,3
Victor Mancini,VAN,23,870000,1
Pierre-Olivier Joseph,VAN,26,775000,1
Kevin Lankinen,VAN,30,4500000,5
Nikita Tolopilo,VAN,26,775000,2
Jiri Patera,VAN,27,775000,1
Thatcher Demko,VAN,30,5000000,1
Derek Forbort,VAN,34,2000000,1
Braeden Cootes,VAN,19,975000,3
Riley Patterson,VAN,20,923333,3
Jonathan Lekkerimaki,VAN,21,918333,2
Gabe Chiarot,VAN,19,916667,3
Anri Ravinskis,VAN,23,872500,2
Jayden Grubbe,VAN,23,867500,1
Chase Stillman,VAN,23,863333,1
Danila Klimovich,VAN,23,833333,1
Vilmer Alriksson,VAN,21,831667,3
Nils Aman,VAN,26,825000,1
Joseph LaBate,VAN,32,775000,1
Mackenzie MacEachern,VAN,32,775000,2
Arshdeep Bains,VAN,25,775000,2
Kirill Kudryavtsev,VAN,22,825000,2
Sawyer Mynio,VAN,20,806667,3
Jack Thompson,VAN,24,800000,1
Jimmy Schuldt,VAN,30,775000,2
Guillaume Brisebois,VAN,28,775000,1
Cole Clayton,VAN,26,775000,1
Alexei Medvedev,VAN,18,923333,3
Aku Koskenvuo,VAN,23,850000,2
Ty Young,VAN,21,825000,2
Parker Alcos,VAN,19,,
Aiden Celebrini,VAN,21,,
Daimon Gardner,VAN,22,,
Matthew Perkins,VAN,22,,
Anthony Romani,VAN,20,,
Basile Sansonnens,VAN,19,,
Kieren Dervin,VAN,19,,
Wilson Björck,VAN,20,,
Matthew Lansing,VAN,19,,
Ilya Safonov,VAN,24,,
Mitch Marner,VGK,28,12000000,8
Jack Eichel,VGK,29,10000000,1
Mark Stone,VGK,33,9500000,2
Tomas Hertl,VGK,32,6750000,5
Ivan Barbashev,VGK,30,5000000,3
Nic Dowd,VGK,35,3000000,2
Keegan Kolesar,VGK,29,2500000,3
Brett Howden,VGK,28,2500000,5
Brandon Saad,VGK,33,2000000,1
Reilly Smith,VGK,35,2000000,1
Pavel Dorofeyev,VGK,25,1835000,1
Colton Sissons,VGK,32,1428572,1
Cole Smith,VGK,30,1000000,1
Jonas Rondbjerg,VGK,27,775000,1
Shea Theodore,VGK,30,7425000,7
Noah Hanifin,VGK,29,7350000,7
Brayden McNabb,VGK,35,3650000,3
Rasmus Andersson,VGK,29,2275000,1
Jeremy Lauzon,VGK,28,2000000,1
Ben Hutton,VGK,32,975000,1
Kaedan Korczak,VGK,25,825000,1
Adin Hill,VGK,29,6250000,6
Carter Hart,VGK,27,2000000,2
Akira Schmid,VGK,25,875000,1
Alex Pietrangelo,VGK,36,8800000,2
William Karlsson,VGK,33,5900000,2
Trevor Connelly,VGK,20,975000,3
Jackson Hallum,VGK,23,925000,2
Tuomas Uronen,VGK,21,852500,3
Jakub Demek,VGK,22,851683,1
Trent Swick,VGK,21,850000,3
Kai Uchacz,VGK,22,845000,2
Alexander Holtz,VGK,24,837500,2
Braeden Bowman,VGK,22,837500,2
Joe Fleming,VGK,22,836667,1
Jordan Gustafson,VGK,22,830000,2
Jakub Brabenec,VGK,22,828333,1
Ben Hemmerling,VGK,21,821111,2
Matyas Sapovaliv,VGK,22,803333,2
Mathieu Cataford,VGK,21,801667,3
Tanner Laczynski,VGK,28,775000,1
Raphael Lavoie,VGK,25,775000,1
Alex Weiermair,VGK,20,975000,3
Jeremy Davies,VGK,29,1150000,2
Viliam Kmec,VGK,22,833333,2
Jaycob Megna,VGK,33,800000,2
Lukas Cormier,VGK,24,775000,1
Dylan Coghlan,VGK,28,775000,1
Bronson Ride,VGK,21,970500,3
Cameron Whitehead,VGK,22,875000,2
Carl Lindbom,VGK,22,840000,1
Pavel Moysevich,VGK,21,980000,3
Noah Ellis,VGK,24,,
Arttu Karki,VGK,21,,
Lucas Van Vliet,VGK,20,,
Jakob Ihs-Wozniak,VGK,19,,
Mateo Nobert,VGK,18,,
Gustav Sjöqvist,VGK,20,,
Alex Ovechkin,WSH,40,9500000,1
Pierre-Luc Dubois,WSH,27,8500000,6
Tom Wilson,WSH,32,6500000,6
Dylan Strome,WSH,29,5000000,3
Aliaksei Protas,WSH,25,3375000,4
Anthony Beauvillier,WSH,28,2750000,2
Connor McMichael,WSH,25,2100000,1
Brandon Duhaime,WSH,28,1850000,1
David Kampf,WSH,31,1100000,1
Ryan Leonard,WSH,21,950000,2
Ivan Miroshnichenko,WSH,22,950000,1
Ilya Protas,WSH,19,856667,3
Hendrix Lapierre,WSH,24,850000,1
Justin Sourdif,WSH,24,825000,2
Ethen Frank,WSH,28,775000,1
Jakob Chychrun,WSH,28,9000000,8
Matt Roy,WSH,31,5750000,5
Rasmus Sandin,WSH,26,4600000,4
Trevor van Riemsdyk,WSH,34,3000000,1
Timothy Liljegren,WSH,26,3000000,1
Martin Fehervary,WSH,26,2675000,1
Declan Chisholm,WSH,26,1600000,2
Dylan McIlrath,WSH,33,800000,2
Logan Thompson,WSH,29,5850000,6
Charlie Lindgren,WSH,32,3000000,3
Mitchell Gibson,WSH,26,812500,2
Milton Gastrin,WSH,18,975000,3
Lynden Lakovic,WSH,19,975000,3
Terik Parascak,WSH,19,942500,3
Zac Funk,WSH,22,905000,2
Patrick Thomas,WSH,21,878333,3
Eriks Mateiko,WSH,20,856667,3
Ryan Hofer,WSH,23,851667,1
Andrew Cristall,WSH,21,841667,3
Ludwig Persson,WSH,22,815000,2
Alexander Suzdalev,WSH,22,815000,2
Henrik Rybinski,WSH,24,775000,1
Spencer Smallman,WSH,29,775000,2
Brett Leason,WSH,26,775000,1
Bogdan Trineyev,WSH,24,775000,1
Wyatt Bongiovanni,WSH,26,775000,1
Sonny Milano,WSH,29,1900000,1
Cole Hutson,WSH,19,975000,3
Ryan Chesley,WSH,22,923333,3
Leon Muggli,WSH,19,908333,3
Cam Allen,WSH,21,855000,3
David Gucciardi,WSH,23,855000,2
Louie Belpedio,WSH,29,775000,2
Corey Schueneman,WSH,30,775000,1
Jesper Vikman,WSH,24,858000,1
Clay Stevenson,WSH,27,775000,2
Garin Bjorklund,WSH,23,775000,1
Chase Clark,WSH,24,,
Antoine Keller,WSH,21,,
Nicholas Kempf,WSH,20,,
Joaquim Lemay,WSH,23,,
Miroslav Satan,WSH,20,,
Petr Sikora,WSH,20,,
Maxim Schäfer,WSH,18,,
Jackson Crowder,WSH,18,,
Aron Dahlqvist,WSH,19,,
Mark Scheifele,WPG,33,8500000,6
Gabriel Vilardi,WPG,26,7500000,6
Kyle Connor,WPG,29,7142857,1
Nino Niederreiter,WPG,33,4000000,2
Alex Iafallo,WPG,32,3666667,3
Cole Perfetti,WPG,24,3250000,1
Adam Lowry,WPG,33,3250000,1
Gustav Nyquist,WPG,36,3250000,1
Vladislav Namestnikov,WPG,33,3000000,2
Jonathan Toews,WPG,37,2000000,1
Morgan Barron,WPG,27,1850000,2
Cole Koepke,WPG,27,1000000,1
Isak Rosen,WPG,23,894167,1
Brad Lambert,WPG,22,886667,2
Neal Pionk,WPG,30,7000000,6
Josh Morrissey,WPG,31,6250000,3
Dylan Samberg,WPG,27,5750000,3
Dylan DeMelo,WPG,32,4900000,3
Colin Miller,WPG,33,1500000,1
Haydn Fleury,WPG,29,950000,2
Jacob Bryson,WPG,28,900000,1
Elias Salomonsson,WPG,21,815000,2
Ville Heinola,WPG,25,800000,1
Connor Hellebuyck,WPG,32,8500000,6
Eric Comrie,WPG,30,825000,1
Brayden Yager,WPG,21,918333,3
Jacob Julien,WPG,21,895000,3
Colby Barlow,WPG,21,886667,3
Nikita Chibrikov,WPG,23,875833,1
Kieron Walton,WPG,19,858333,3
Kevin He,WPG,19,840000,3
David Gustafsson,WPG,25,835000,1
Fabian Wagner,WPG,21,830556,2
Parker Ford,WPG,25,812500,2
Danil Zhilkin,WPG,22,803333,2
Mason Shaw,WPG,27,775000,1
Phillip Di Giuseppe,WPG,32,775000,1
Jaret Anderson-Dolan,WPG,26,775000,1
Samuel Fagemo,WPG,26,775000,1
Walker Duehr,WPG,28,775000,1
Lucas Wahlin,WPG,24,910000,1
Alfons Freij,WPG,20,905833,3
Isaak Phillips,WPG,24,812500,2
Tyrel Bauer,WPG,24,775000,1
Kale Clague,WPG,27,775000,1
Thomas Milic,WPG,22,841667,2
Domenic DiVincentiis,WPG,22,830556,2
Isaac Poulter,WPG,24,775000,1
Garrett Brown,WPG,22,,
Markus Loponen,WPG,19,,
Zach Nehring,WPG,21,,
Dmitri Rashevsky,WPG,25,,
Kristian Vesalainen,WPG,26,,
Sascha Boumedienne,WPG,19,,
Owen Martin,WPG,18,,
Viktor Klingsell,WPG,19,,
Edison Engle,WPG,19,,
Jacob Cloutier,WPG,19,,