player_name,team,score
Nathan MacKinnon,COL,121
Leon Draisaitl,EDM,118
Connor McDavid,EDM,117
Igor Shesterkin,NYR,116
Connor Hellebuyck,WPG,115
Macklin Celebrini,SJS,109
Andrei Vasilevskiy,TBL,106
Cale Makar,COL,101
Quinn Hughes,MIN,97
David Pastrnak,BOS,94
Jake Oettinger,DAL,92
Jason Robertson,DAL,91
Jack Eichel,VGK,90
Jeremy Swayman,BOS,89
Auston Matthews,TOR,89
Nick Suzuki,MTL,89
Nikita Kucherov,TBL,88
Logan Thompson,WSH,86
Ilya Sorokin,NYI,84
Karel Vejmelka,UTA,81
Jet Greaves,CBJ,80
Kirill Kaprizov,MIN,80
Matthew Schaefer,NYI,80
Cole Caufield,MTL,78
Jakub Dobes,MTL,76
Mitch Marner,VGK,76
Artemi Panarin,LAK,75
Filip Gustavsson,MIN,74
Filip Forsberg,NSH,73
Tage Thompson,BUF,72
Adam Fox,NYR,72
Ivan Demidov,MTL,72
Lukas Dostal,ANA,71
Aleksander Barkov,FLA,71
Jack Hughes,NJD,70
Sidney Crosby,PIT,69
Tim Stützle,OTT,69
Sam Reinhart,FLA,68
Wyatt Johnston,DAL,67
Alex DeBrincat,DET,67
Sebastian Aho,CAR,66
William Nylander,TOR,66
Lucas Raymond,DET,64
Jesper Bratt,NJD,64
Jake Guentzel,TBL,64
Juuse Saros,NSH,63
Sebastian Aho,PIT,63
Brayden Point,TBL,63
Jared McCann,SEA,62
Spencer Knight,CHI,61
Devin Cooley,CGY,61
Matt Boldy,MIN,60
Nikolaj Ehlers,CAR,59
Darcy Kuemper,LAK,59
Joel Hofer,STL,59
Dylan Larkin,DET,58
Nico Hischier,NJD,58
Linus Ullmark,OTT,57
Mark Scheifele,WPG,57
Robert Thomas,STL,56
Kyle Connor,WPG,56
Casey DeSmith,DAL,55
Brandon Hagel,TBL,55
Kirill Marchenko,CBJ,54
Mackenzie Blackwood,COL,54
Roope Hintz,DAL,54
Brady Tkachuk,OTT,54
Clayton Keller,UTA,54
Ukko-Pekka Luukkonen,BUF,53
Brock Nelson,COL,53
Bo Horvat,NYI,53
Jordan Kyrou,STL,53
Anthony Stolarz,TOR,53
Pavel Dorofeyev,VGK,53
Cutter Gauthier,ANA,52
Evan Bouchard,EDM,52
Matthew Tkachuk,FLA,52
Stuart Skinner,PIT,52
Elias Pettersson,VAN,52
Morgan Geekie,BOS,51
Rasmus Dahlin,BUF,51
Zach Werenski,CBJ,51
Joseph Woll,TOR,51
Brad Marchand,FLA,50
Jake Allen,NJD,50
Drake Batherson,OTT,50
Dylan Guenther,UTA,50
Gabriel Vilardi,WPG,50
Alex Lyon,BUF,49
Lane Hutson,MTL,49
Kevin Fiala,LAK,48
Mika Zibanejad,NYR,48
Alex Tuch,BUF,47
Zach Hyman,EDM,47
Joey Daccord,SEA,47
John Tavares,TOR,47
Jacob Fowler,MTL,46
Mark Stone,VGK,46
John Gibson,DET,45
Seth Jarvis,CAR,45
Carter Verhaeghe,FLA,45
Leo Carlsson,ANA,44
Martin Necas,COL,44
Tyler Toffoli,SJS,44
Troy Terry,ANA,43
Dustin Wolf,CGY,43
Anthony Cirelli,TBL,43
Nick Schmaltz,UTA,43
Tom Wilson,WSH,43
Shayne Gostisbehere,CAR,42
Ryan O'Reilly,NSH,42
Jackson Blake,CAR,41
Matt Duchene,DAL,41
Steven Stamkos,NSH,41
Jake Sanderson,OTT,41
Josh Morrissey,WPG,41
Moritz Seider,DET,40
Andrei Kuzmenko,LAK,40
Claude Giroux,OTT,40
Dylan Holloway,STL,40
Jaccob Slavin,CAR,39
Damon Severson,CBJ,39
Scott Wedgewood,COL,39
Justin Sourdif,WSH,39
Beckett Sennecke,ANA,38
Frederik Andersen,CAR,38
Dan Vladar,PHI,38
Owen Tippett,PHI,38
Anthony Mantha,PIT,38
Jackson LaCombe,ANA,37
Mikko Rantanen,DAL,37
Adrian Kempe,LAK,37
Logan Cooley,UTA,37
Tyler Bertuzzi,CHI,36
Nazem Kadri,COL,36
Cam Talbot,DET,36
Denton Mateychuk,CBJ,35
Valeri Nichushkin,COL,35
Jesper Wallstedt,MIN,35
Jordan Spence,OTT,35
Pavel Buchnevich,STL,35
Dylan Strome,WSH,35
Josh Doan,BUF,34
Brandon Bussi,CAR,34
Gustav Forsling,FLA,34
Timo Meier,NJD,34
Mathew Barzal,NYI,34
Tyson Foerster,PHI,34
Rickard Rakell,PIT,34
JJ Peterka,UTA,34
Thatcher Demko,VAN,34
Charlie Lindgren,WSH,34
Conor Garland,CBJ,33
Anze Kopitar,LAK,33
Joel Eriksson Ek,MIN,33
Thomas Chabot,OTT,33
Jake DeBrusk,VAN,33
Sam Montembeault,MTL,32
Chris Kreider,ANA,32
Brent Burns,COL,32
Miro Heiskanen,DAL,32
Pyotr Kochetkov,CAR,31
Esa Lindell,DAL,31
Anton Forsberg,LAK,31
Quinton Byfield,LAK,31
Travis Sanheim,PHI,31
Erik Karlsson,PIT,31
Aliaksei Protas,WSH,31
Ryan McLeod,BUF,30
Mats Zuccarello,MIN,30
J.T. Miller,NYR,30
Pius Suter,STL,30
Darren Raddysh,TBL,30
Oliver Bjorkstrand,TBL,30
Chris Tanev,TOR,30
Mikhail Sergachev,UTA,30
Jason Zucker,BUF,29
Noah Ostlund,BUF,29
Teuvo Teravainen,CHI,29
Justin Hryckowian,DAL,29
Thomas Harley,DAL,29
Matthew Wood,NSH,29
Simon Holmstrom,NYI,29
Dennis Hildeby,TOR,29
Artturi Lehkonen,COL,28
Devon Toews,COL,28
Sam Malinski,COL,28
Roman Josi,NSH,28
Alexis Lafreničre,NYR,28
Warren Foegele,OTT,28
Matvei Michkov,PHI,28
Vince Dunn,SEA,28
Kiefer Sherwood,SJS,28
Carter Hart,VGK,28
Josh Norris,BUF,27
Logan O'Connor,COL,27
David Rittich,NYI,27
Michael Amadio,OTT,27
Bobby McMann,SEA,27
MacKenzie Weegar,UTA,27
Jakob Chychrun,WSH,27
Charlie McAvoy,BOS,26
Jonathan Huberdeau,CGY,26
Jacob Markstrom,NJD,26
Noah Cates,PHI,26
Trevor Zegras,PHI,26
Noah Hanifin,VGK,26
Pierre Engvall,NYI,25
Semyon Varlamov,NYI,25
Evgeni Malkin,PIT,25
Jordan Eberle,SEA,25
Ivan Barbashev,VGK,25
Sam Colangelo,ANA,24
Mason Marchment,CBJ,24
Justus Annunen,NSH,24
Jake Neighbours,STL,24
Matthew Knies,TOR,24
Nate Schmidt,UTA,24
Tomas Hertl,VGK,24
Sonny Milano,WSH,24
Pavel Zacha,BOS,23
Connor Ingram,EDM,23
Mattias Ekholm,EDM,23
Jonathan Marchessault,NSH,23
Calle Rosen,STL,23
Easton Cowan,TOR,23
Marco Rossi,VAN,23
Brayden McNabb,VGK,23
Zach Benson,BUF,22
Dmitri Voronkov,CBJ,22
Andrew Mangiapane,CHI,22
Mackie Samoskevich,FLA,22
Yegor Chinakhov,PIT,22
Linus Karlsson,VAN,22
Nikita Tolopilo,VAN,22
Pierre-Luc Dubois,WSH,22
Laurent Brossoit,SJS,21
Blake Coleman,CGY,21
Ryan Donato,CHI,21
Anton Lundell,FLA,21
Jonas Brodin,MIN,21
Noah Dobson,MTL,21
Dougie Hamilton,NJD,21
Adam Pelech,NYI,21
Kaapo Kakko,SEA,21
Matty Beniers,SEA,21
Philip Broberg,STL,21
Gage Goncalves,TBL,21
Pontus Holmberg,TBL,21
Adin Hill,VGK,21
Alex Steeves,BOS,20
Logan Stankoven,CAR,20
Evan Rodrigues,FLA,20
Nico Daws,NJD,20
Seamus Casey,NJD,20
Shane Wright,SEA,20
Adam Gaudette,SJS,20
Alex Nedeljkovic,SJS,20
Dominic James,TBL,20
Jake McCabe,TOR,20
Nicholas Robertson,TOR,20
Kailer Yamamoto,UTA,20
Lawson Crouse,UTA,20
William Karlsson,VGK,20
Fraser Minten,BOS,19
Jamie Benn,DAL,19
Lian Bichsel,DAL,19
Marco Kasper,DET,19
Ryan Nugent-Hopkins,EDM,19
Eetu Luostarinen,FLA,19
Seth Jones,FLA,19
Marcus Foligno,MIN,19
Patrik Laine,MTL,19
Calum Ritchie,NYI,19
Jaroslav Chmelar,NYR,19
Shane Pinto,OTT,19
Tommy Novak,PIT,19
Will Smith,SJS,19
Matias Maccelli,TOR,19
Michael Carcone,UTA,19
Kevin Lankinen,VAN,19
Nils Hoglander,VAN,19
Akira Schmid,VGK,19
Andrei Svechnikov,CAR,18
K'Andre Miller,CAR,18
Taylor Hall,CAR,18
William Carrier,CAR,18
Kent Johnson,CBJ,18
Ilya Mikheyev,CHI,18
Ryan Hartman,MIN,18
Denver Barkey,PHI,18
Garnet Hathaway,PHI,18
Travis Konecny,PHI,18
Shea Theodore,VGK,18
Dylan DeMelo,WPG,18
Alex Ovechkin,WSH,18
Jordan Staal,CAR,17
Connor Zary,CGY,17
Joel Farabee,CGY,17
Morgan Frost,CGY,17
Yegor Sharangovich,CGY,17
Mavrik Bourque,DAL,17
David Perron,DET,17
Marcus Johansson,MIN,17
Cody Glass,NJD,17
Dylan Garand,NYR,17
Dylan Cozens,OTT,17
James Reimer,OTT,17
Philipp Grubauer,SEA,17
Collin Graf,SJS,17
Ryan McDonagh,TBL,17
Trevor van Riemsdyk,WSH,17
John Carlson,ANA,16
Casey Mittelstadt,BOS,16
Viktor Arvidsson,BOS,16
Victor Olofsson,CGY,16
James van Riemsdyk,DET,16
Mikey Anderson,LAK,16
Trevor Moore,LAK,16
Bobby Brink,MIN,16
Brock Faber,MIN,16
Jared Spurgeon,MIN,16
Brett Pesce,NJD,16
Luke Evangelista,NSH,16
Anders Lee,NYI,16
Vladislav Gavrikov,NYR,16
Ryker Evans,SEA,16
Igor Chernyshov,SJS,16
Yaroslav Askarov,SJS,16
Jonatan Berggren,STL,16
J.J. Moser,TBL,16
Dakota Joshua,TOR,16
Brock Boeser,VAN,16
Marcus Pettersson,VAN,16
Kaedan Korczak,VGK,16
Alex Iafallo,WPG,16
Dylan Samberg,WPG,16
Jalen Chatfield,CAR,15
Charlie Coyle,CBJ,15
Danton Heinen,CBJ,15
Zach Whitecloud,CGY,15
Alex Vlasic,CHI,15
Nick Lardis,CHI,15
Michael Bunting,DAL,15
Tristan Jarry,EDM,15
Louis Domingue,FLA,15
Sandis Vilmanis,FLA,15
Sergei Bobrovsky,FLA,15
Dawson Mercer,NJD,15
Will Cuylle,NYR,15
Parker Wotherspoon,PIT,15
William Eklund,SJS,15
Colton Parayko,STL,15
Corey Perry,TBL,15
Eric Comrie,WPG,15
Isak Rosen,WPG,15
Nino Niederreiter,WPG,15
Olen Zellweger,ANA,14
Jiri Kulich,BUF,14
Mattias Samuelsson,BUF,14
Arvid Soderblom,CHI,14
Connor Bedard,CHI,14
Nick Blankenburg,COL,14
Sam Steel,DAL,14
Connor Murphy,EDM,14
Sam Bennett,FLA,14
Brandt Clarke,LAK,14
Alex Newhook,MTL,14
Emil Heineman,NYI,14
Kyle Palmieri,NYI,14
Gabe Perreault,NYR,14
Alex Bump,PHI,14
Justin Brazeau,PIT,14
Ryan Shea,PIT,14
Eeli Tolvanen,SEA,14
Ethen Frank,WSH,14
Ryan Poehling,ANA,13
Michael Eyssimont,BOS,13
Mark Jankowski,CAR,13
Matvei Gridin,CGY,13
Trent Miner,COL,13
Emmitt Finnie,DET,13
Jason Dickinson,EDM,13
Trent Frederic,EDM,13
Drew Doughty,LAK,13
Pheonix Copley,LAK,13
Vladimir Tarasenko,MIN,13
Matthew Robertson,NYR,13
Noah Laba,NYR,13
Bryan Rust,PIT,13
Rafael Harvey-Pinard,PIT,13
Samuel Girard,PIT,13
Pavol Regenda,SJS,13
Adam Lowry,WPG,13
Rasmus Sandin,WSH,13
Sean Monahan,CBJ,12
Yan Kuznetsov,CGY,12
Jack Roslovic,EDM,12
Brian Dumoulin,LAK,12
Kaapo Kahkonen,MTL,12
Anthony Duclair,NYI,12
Vincent Trocheck,NYR,12
Brandon Montour,SEA,12
Michael Misa,SJS,12
Jakob Pelletier,TBL,12
Victor Hedman,TBL,12
Barrett Hayton,UTA,12
Max Sasson,VAN,12
Brandon Saad,VGK,12
Rasmus Andersson,VGK,12
Reilly Smith,VGK,12
Clay Stevenson,WSH,12
Alex Killorn,ANA,11
Hampus Lindholm,BOS,11
Dante Fabbro,CBJ,11
Joel Kiviranta,COL,11
Parker Kelly,COL,11
Jake Walman,EDM,11
Danila Yurov,MIN,11
Artem Zub,OTT,11
Connor Dewar,PIT,11
Jack Thompson,VAN,11
Matt Roy,WSH,11
Ryan Leonard,WSH,11
Jonathan Aspirot,BOS,10
Jordan Harris,BOS,10
Konsta Helenius,BUF,10
Eric Robinson,CAR,10
Adam Fantilli,CBJ,10
Mathieu Olivier,CBJ,10
Zayne Parekh,CGY,10
Wyatt Kaiser,CHI,10
Erik Gustafsson,DET,10
Vasily Podkolzin,EDM,10
Alex Laferriere,LAK,10
Arthur Kaliyev,OTT,10
Emil Andrae,PHI,10
Blake Lizotte,PIT,10
Elmer Soderblom,PIT,10
Dmitry Orlov,SJS,10
Logan Couture,SJS,10
Yanni Gourde,TBL,10
John Marino,UTA,10
Brett Howden,VGK,10
Nic Dowd,VGK,10
Brad Lambert,WPG,10
Alexandre Blais,ANA,9
Alexis Mathieu,ANA,9
Anthony Allain-Samaké,ANA,9
Brady Turko,ANA,9
Darels Uljanskis,ANA,9
Drew Schock,ANA,9
Elijah Neuenschwander,ANA,9
Eric Nilson,ANA,9
Ethan Procyszyn,ANA,9
Lasse Boelius,ANA,9
Maxim Masse,ANA,9
Noah Read,ANA,9
Roger Mcqueen,ANA,9
Tarin Smith,ANA,9
Émile Guité,ANA,9
Beckett Hendrickson,BOS,9
Cole Chandler,BOS,9
Cooper Simpson,BOS,9
Dean Letourneau,BOS,9
Elliott Groenewold,BOS,9
Jonathan Morello,BOS,9
Kirill Yemelyanov,BOS,9
Kristian Kostadinski,BOS,9
Liam Pettersson,BOS,9
Marat Khusnutdinov,BOS,9
Vashek Blanar,BOS,9
William Moore,BOS,9
William Zellers,BOS,9
Adam Kleber,BUF,9
Ashton Schultz,BUF,9
Brodie Ziemer,BUF,9
David Bedkowski,BUF,9
Luke Osburn,BUF,9
Matous Kucharcik,BUF,9
Melvin Novotny,BUF,9
Noah Laberge,BUF,9
Ryan Rucinski,BUF,9
Ryerson Leenders,BUF,9
Samuel Meloche,BUF,9
Simon-pier Brunet,BUF,9
Vasily Zelenov,BUF,9
Yevgeni Prokhorov,BUF,9
Alexander Rykov,CAR,9
Alexander Siryatsky,CAR,9
Andrey Krutov,CAR,9
Filip Ekberg,CAR,9
Fyodor Avramov,CAR,9
Justin Poirier,CAR,9
Kurban Limatov,CAR,9
Nikita Artamonov,CAR,9
Noel Fransen,CAR,9
Oskar Vuollet,CAR,9
Roman Bausov,CAR,9
Roman Shokhrin,CAR,9
Semyon Frolov,CAR,9
Timur Kol,CAR,9
Timur Mukhanov,CAR,9
Viggo Nordlund,CAR,9
Cayden Lindstrom,CBJ,9
Jackson Smith,CBJ,9
Jérémy Loranger,CBJ,9
Malte Vass,CBJ,9
Owen Griffin,CBJ,9
Pyotr Andreyanov,CBJ,9
Tanner Henricks,CBJ,9
Victor Hedin Raftheim,CBJ,9
Aidan Lane,CGY,9
Cole Reschny,CGY,9
Cullen Potter,CGY,9
Eric Jamieson,CGY,9
Ethan Wyttenbach,CGY,9
Henry Mews,CGY,9
Hunter Brzustewicz,CGY,9
Hunter Laing,CGY,9
Jakob Leander,CGY,9
Kirill Zarubin,CGY,9
Luke Misa,CGY,9
Maceo Phillips,CGY,9
Maxmilian Curran,CGY,9
Theo Stockselius,CGY,9
Yan Matveiko,CGY,9
Yegor Yegorov,CGY,9
Andre Burakovsky,CHI,9
Ashton Cumby,CHI,9
Jack Pridham,CHI,9
Joel Svensson,CHI,9
John Mustard,CHI,9
Mason West,CHI,9
Nathan Behm,CHI,9
Parker Holmes,CHI,9
Ty Henry,CHI,9
Vaclav Nestrasil,CHI,9
Christian Humphreys,COL,9
Francesco Dell'Elce,COL,9
Ivan Yunin,COL,9
Linus Funck,COL,9
Louka Cloutier,COL,9
Mikhail Gulyayev,COL,9
Nikita Ishimnikov,COL,9
Nolan Roed,COL,9
Ross Colton,COL,9
Tory Pitner,COL,9
Atte Joki,DAL,9
Brandon Gorzynski,DAL,9
Cameron Schmidt,DAL,9
Charlie Paquette,DAL,9
Dawson Sharkey,DAL,9
Mans Goos,DAL,9
Sebastian Bradshaw,DAL,9
Tyler Seguin,DAL,9
William Samuelsson,DAL,9
Austin Baker,DET,9
Brent Solomon,DET,9
Charlie Forslund,DET,9
Grayden Robertson-Palmer,DET,9
J.T. Compher,DET,9
John Whipple,DET,9
Landon Miller,DET,9
Max Plante,DET,9
Michal Pradel,DET,9
Michal Svrcek,DET,9
Nikita Tyurin,DET,9
Patrick Kane,DET,9
Rudy Guimond,DET,9
Will Murphy,DET,9
Aidan Park,EDM,9
Asher Barnett,EDM,9
Bauer Berry,EDM,9
Daniel Salonen,EDM,9
David Lewandowski,EDM,9
Eemil Vinni,EDM,9
Tommy Lafreniere,EDM,9
Ty Emberson,EDM,9
Arvid Drott,FLA,9
Brendan Dunphy,FLA,9
Denis Gabdrakhmanov,FLA,9
Linus Eriksson,FLA,9
Mads Kongsbak Klyvř,FLA,9
Matvei Shuravin,FLA,9
Shamar Moses,FLA,9
Shea Busch,FLA,9
Simon Zether,FLA,9
Stepan Gorbunov,FLA,9
Yegor Midlak,FLA,9
Brendan McMorrow,LAK,9
Caeden Herrington,LAK,9
James Reeder,LAK,9
Jan Chovan,LAK,9
Kristian Epperson,LAK,9
Petteri Rimpinen,LAK,9
Samuel Helenius,LAK,9
Will Sharpe,LAK,9
Adam Benak,MIN,9
Aron Kiviharju,MIN,9
Carter Klippenstein,MIN,9
Justin Kipkie,MIN,9
Lirim Amidovski,MIN,9
Ryder Ritchie,MIN,9
Sebastian Soini,MIN,9
Theodor Hallquisth,MIN,9
Aatos Koivu,MTL,9
Alexander Zharovsky,MTL,9
Alexis Cournoyer,MTL,9
Andrew MacNiel,MTL,9
Arseni Radkov,MTL,9
Ben Merrill,MTL,9
Carlos Handel,MTL,9
Hayden Paupanekis,MTL,9
L.J. Mooney,MTL,9
Logan Sawyer,MTL,9
Maxon Vig,MTL,9
Michael Hage,MTL,9
Mikus Vecvanags,MTL,9
Rasmus Bergqvist,MTL,9
Anton Silayev,NJD,9
Benjamin Kevan,NJD,9
Conrad Fondrk,NJD,9
David Rozsíval,NJD,9
Gustav Hillström,NJD,9
Kasper Pikkarainen,NJD,9
Mason Moe,NJD,9
Mikhail Yegorov,NJD,9
Sigge Holmgren,NJD,9
Stefan Noesen,NJD,9
Trenten Bennett,NJD,9
Veeti Louhivaara,NJD,9
Alex Huang,NSH,9
Cameron Reid,NSH,9
Daniel Nieminen,NSH,9
Egor Surin,NSH,9
Felix Nilsson,NSH,9
Jack Ivankovic,NSH,9
Jacob Rombach,NSH,9
Jakub Milota,NSH,9
Matt Murray,NSH,9
Miguel Marques,NSH,9
Ryan Ufko,NSH,9
Ryker Lee,NSH,9
Teddy Stiga,NSH,9
Viktor Norringer,NSH,9
Burke Hood,NYI,9
Danny Nelson,NYI,9
Jacob Kvasnicka,NYI,9
Kamil Bednarik,NYI,9
Luca Romano,NYI,9
Sam Laurila,NYI,9
Tomas Poletin,NYI,9
Xavier Veilleux,NYI,9
Zachary Schulz,NYI,9
Artyom Gonchar,NYR,9
EJ Emery,NYR,9
Evan Passmore,NYR,9
Felix Färhammar,NYR,9
Malcolm Spence,NYR,9
Mikkel Eriksen,NYR,9
Raoul Boilard,NYR,9
Samuel Jung,NYR,9
Sean Barnhill,NYR,9
Ty Henricks,NYR,9
Zeb Lindgren,NYR,9
Andrei Trofimov,OTT,9
Blake Montgomery,OTT,9
Blake Vanek,OTT,9
Bruno Idzan,OTT,9
Dmitri Isayev,OTT,9
Eerik Wallenius,OTT,9
Fabian Zetterlund,OTT,9
Javon Moore,OTT,9
Logan Hensler,OTT,9
Lucas Beckman,OTT,9
Austin Moline,PHI,9
Cam York,PHI,9
Carter Amico,PHI,9
Egor Zavragin,PHI,9
Heikki Ruohonen,PHI,9
Ilya Pautov,PHI,9
Jack Berglund,PHI,9
Jack Murtagh,PHI,9
Jack Nesbitt,PHI,9
Luke Vlooswyk,PHI,9
Matthew Gard,PHI,9
Max Westergĺrd,PHI,9
Nathan Quinn,PHI,9
Philip Tomasino,PHI,9
Shane Vansaghi,PHI,9
Brady Peddle,PIT,9
Carter Sanderson,PIT,9
Charlie Trethewey,PIT,9
Jordan Charron,PIT,9
Kale Dach,PIT,9
Kevin Hayes,PIT,9
Mac Swanson,PIT,9
Quinn Beauchesne,PIT,9
Travis Hayes,PIT,9
William Horcoff,PIT,9
Alexis Bernier,SEA,9
Blake Fiddler,SEA,9
Clarke Caswell,SEA,9
Jakub Fibigr,SEA,9
Jani Nyman,SEA,9
Karl Annborn,SEA,9
Loke Krantz,SEA,9
Maxim Agafonov,SEA,9
Ollie Josephson,SEA,9
Visa Vedenpaa,SEA,9
Will Reynolds,SEA,9
Carson Wetsch,SJS,9
Christian Kirsch,SJS,9
Cole Mckinney,SJS,9
Colton Roberts,SJS,9
David Klee,SJS,9
Ilyas Magomedsultanov,SJS,9
Joshua Ravensbergen,SJS,9
Max Heise,SJS,9
Richard Gallant,SJS,9
Simon Wang,SJS,9
Teddy Mutryn,SJS,9
Yaroslav Korostelyov,SJS,9
Antoine Dorion,STL,9
Love Härenstam,STL,9
Marcus Gidlof,STL,9
Matvei Korotky,STL,9
Mikhail Fyodorov,STL,9
Ondrej Kos,STL,9
Theo Lindstein,STL,9
Tomas Mrsic,STL,9
Tyler Tucker,STL,9
William Mcisaac,STL,9
Aiden Foster,TBL,9
Benjamin Rautiainen,TBL,9
Caleb Heil,TBL,9
Everett Baldwin,TBL,9
Grant Spada,TBL,9
Hagen Burrows,TBL,9
Jan Golicic,TBL,9
Joona Saarelainen,TBL,9
Kaden Pitre,TBL,9
Marco Mignosa,TBL,9
Nicholas Paul,TBL,9
Roman Luttsev,TBL,9
Alexander Plesovskikh,TOR,9
Harry Nansi,TOR,9
Matt Lahey,TOR,9
Matthew Hlacar,TOR,9
Nathan Mayes,TOR,9
Oliver Ekman-Larsson,TOR,9
Rylan Fellinger,TOR,9
Sam Mccue,TOR,9
Tinus Luc Koblar,TOR,9
Tyler Hopkins,TOR,9
Victor Johansson,TOR,9
William Belle,TOR,9
Carsen Musser,UTA,9
Gregor Biber,UTA,9
Ivan Tkach-Tkachenko,UTA,9
Jaxson Stauber,UTA,9
Ludvig Johnson,UTA,9
Ludvig Lafton,UTA,9
Max Psenicka,UTA,9
Melker Thelin,UTA,9
Reko Alanko,UTA,9
Stepan Hoch,UTA,9
Veeti Vaisanen,UTA,9
Vojtech Hradec,UTA,9
Will Skahan,UTA,9
Yegor Borikov,UTA,9
Anthony Romani,VAN,9
Basile Sansonnens,VAN,9
Kieren Dervin,VAN,9
Matthew Lansing,VAN,9
Parker Alcos,VAN,9
Wilson Björck,VAN,9
Zeev Buium,VAN,9
Gustav Sjöqvist,VGK,9
Jakob Ihs-Wozniak,VGK,9
Lucas Van Vliet,VGK,9
Mateo Nobert,VGK,9
Edison Engle,WPG,9
Jacob Cloutier,WPG,9
Markus Loponen,WPG,9
Owen Martin,WPG,9
Sascha Boumedienne,WPG,9
Viktor Klingsell,WPG,9
Aron Dahlqvist,WSH,9
Jackson Crowder,WSH,9
Maxim Schäfer,WSH,9
Miroslav Satan,WSH,9
Nicholas Kempf,WSH,9
Petr Sikora,WSH,9
Austin Burnevik,ANA,8
Michael Callow,ANA,8
Pavel Mintyukov,ANA,8
Andre Gasseau,BOS,8
Casper Nassen,BOS,8
Christopher Pelosi,BOS,8
Cole Spicer,BOS,8
Ryan Walsh,BOS,8
Colten Ellis,BUF,8
Gustav Karlsson,BUF,8
Jake Richard,BUF,8
Joel Ratkovic Berndtsson,BUF,8
Norwin Panocha,BUF,8
Owen Power,BUF,8
Patrick Geary,BUF,8
Sean Keohane,BUF,8
Alexander Pelevin,CAR,8
Alexander Perevalov,CAR,8
Charlie Cerrato,CAR,8
Jakub Vondras,CAR,8
Jayden Perron,CAR,8
Michael Emerson,CAR,8
Nils Juntorp,CAR,8
Simon Forsmark,CAR,8
Stanislav Yarovoi,CAR,8
Vladimir Grudinin,CAR,8
Yegor Naumov,CAR,8
Andrew Strathmann,CBJ,8
Boone Jenner,CBJ,8
James Fisher,CBJ,8
Kirill Dolzhenkov,CBJ,8
Luke Ashton,CBJ,8
Melvin Strahl,CBJ,8
Sergei Ivanov,CBJ,8
William Whitelaw,CBJ,8
Abram Wiebe,CGY,8
Cade Littler,CGY,8
Trevor Hoskin,CGY,8
Drew Commesso,CHI,8
Ilya Kanarsky,CHI,8
Janne Peltonen,CHI,8
Julius Sumpf,CHI,8
Riku Tohila,CHI,8
Roman Kantserov,CHI,8
Ryan Ellis,CHI,8
Chris Romaine,COL,8
Jake Fisher,COL,8
George Fegaras,DAL,8
Maxim Mayorov,DAL,8
Brady Cleveland,DET,8
Brennan Ali,DET,8
Dylan James,DET,8
Fisher Scott,DET,8
Jack Phelan,DET,8
Kevin Bicker,DET,8
Larry Keenan,DET,8
Maximilian Kilpinen,DET,8
Owen Mehlenbacher,DET,8
Simon Edvinsson,DET,8
Albin Sundin,EDM,8
Dalyn Wakely,EDM,8
Darnell Nurse,EDM,8
Nikita Yevseyev,EDM,8
Paul Fischer,EDM,8
Petr Hauser,EDM,8
Albert Wikman,FLA,8
Niko Mikkola,FLA,8
Olof Glifford,FLA,8
Stepan Zvyagin,FLA,8
Vladislav Lukashevich,FLA,8
Jack Sparkes,LAK,8
Mathieu Joseph,LAK,8
Ryan Conmy,LAK,8
James Clark,MIN,8
Rieger Lorenz,MIN,8
Ryan Healey,MIN,8
Emmett Croteau,MTL,8
Filip Eriksson,MTL,8
Jayden Struble,MTL,8
Kaiden Guhle,MTL,8
Makar Khanin,MTL,8
Phillip Danault,MTL,8
Quentin Miller,MTL,8
Sam Harris,MTL,8
Yevgeni Volokhin,MTL,8
Artem Barabosha,NJD,8
Charlie Leddy,NJD,8
Chase Cheslock,NJD,8
Daniil Karpovich,NJD,8
Daniil Orlov,NJD,8
Samu Salminen,NJD,8
Adam Ingram,NSH,8
Aiden Fink,NSH,8
Erik Pahlsson,NSH,8
Joakim Kemell,NSH,8
Kasper Kulonummi,NSH,8
Nick Perbix,NSH,8
Reid Schaefer,NSH,8
Sutter Muzzatti,NSH,8
Dennis Good Bogg,NYI,8
Jean-Gabriel Pageau,NYI,8
Quinn Finley,NYI,8
Rasmus Larsson,NYR,8
Rico Gredig,NYR,8
Tye Kartye,NYR,8
Cameron O'Neill,OTT,8
Filip Nordberg,OTT,8
Nicholas Vantassell,OTT,8
Owen Beckner,OTT,8
Stephen Halliday,OTT,8
Theo Wallberg,OTT,8
Tyson Dyck,OTT,8
Vladimir Nikitin,OTT,8
Ryan MacPherson,PHI,8
Santeri Sulku,PHI,8
Avery Hayes,PIT,8
Cruz Lucius,PIT,8
Emil Jarventie,PIT,8
Joona Vaisanen,PIT,8
Kalle Kangas,PIT,8
Luke Devlin,PIT,8
Zam Plante,PIT,8
Barrett Hall,SEA,8
Ben MacDonald,SEA,8
Zaccharya Wisdom,SEA,8
Zeb Forsfjall,SEA,8
Axel Landen,SJS,8
Brandon Svoboda,SJS,8
Eli Barnett,SJS,8
Eric Pohlkamp,SJS,8
Joey Muldowney,SJS,8
Michael Fisher,SJS,8
Nate Misskey,SJS,8
Reese Laubach,SJS,8
Yegor Rimashevskiy,SJS,8
Zack Sharp,SJS,8
Arseni Koromyslov,STL,8
Dmitri Buchelnikov,STL,8
Mathieu Joseph,STL,8
Jayson Shaugabay,TBL,8
Joe Connor,TBL,8
Mitchell Chaffee,TBL,8
Warren Clark,TBL,8
Hudson Malinoski,TOR,8
Nicholas Moldenhauer,TOR,8
Steven Lorentz,TOR,8
Timofei Obvintsev,TOR,8
Ales Cech,UTA,8
Cal Thomas,UTA,8
Matthew Morden,UTA,8
Samu Bau,UTA,8
Sean Durzi,UTA,8
Tanner Ludtke,UTA,8
Vadim Moroz,UTA,8
Aiden Celebrini,VAN,8
Daimon Gardner,VAN,8
Matthew Perkins,VAN,8
Arttu Karki,VGK,8
Ben Hutton,VGK,8
Garrett Brown,WPG,8
Zach Nehring,WPG,8
Antoine Keller,WSH,8
Elias Lindholm,BOS,7
Matthew Poitras,BOS,7
Joel Nystrom,CAR,7
James Malatesta,CBJ,7
Matt Coronato,CGY,7
Frank Nazar,CHI,7
Gabriel Landeskog,COL,7
Ivan Ivan,COL,7
Nicolas Roy,COL,7
Axel Sandin-Pellikka,DET,7
Calvin Pickard,EDM,7
Jesper Boqvist,FLA,7
Joshua Roy,MTL,7
Marc McLaughlin,NJD,7
Brady Skjei,NSH,7
Justin Barron,NSH,7
Ondrej Palat,NYI,7
Will Borgen,NYR,7
Nick Cousins,OTT,7
Nick Seeler,PHI,7
Nikita Grebenkin,PHI,7
Harrison Brunicke,PIT,7
Matt Murray,SEA,7
Jimmy Snuggerud,STL,7
Alex Kerfoot,UTA,7
Filip Hronek,VAN,7
Elias Salomonsson,WPG,7
Connor McMichael,WSH,7
Herman Traff,ANA,6
Lucas Pettersson,ANA,6
Nikita Nesterenko,ANA,6
Stian Solberg,ANA,6
James Hagens,BOS,6
Loke Johansson,BOS,6
Anton Wahlberg,BUF,6
Gavin McCarthy,BUF,6
Maxim Strbak,BUF,6
Radim Mrtka,BUF,6
Tyson Kozak,BUF,6
Zach Metsa,BUF,6
Bradly Nadeau,CAR,6
Dominik Badinka,CAR,6
Felix Unger Sorum,CAR,6
Ivan Ryabkin,CAR,6
Sean Walker,CAR,6
Charlie Elick,CBJ,6
Evan Gardner,CBJ,6
Luca Marrelli,CBJ,6
Tim Berni,CBJ,6
Andrew Basha,CGY,6
Axel Hurtig,CGY,6
Jonathan Castagna,CGY,6
Samuel Honzek,CGY,6
Jiri Felcman,CHI,6
Marek Vanacker,CHI,6
Sacha Boisvert,CHI,6
Saige Weinstein,COL,6
Angus MacDonell,DAL,6
Emil Hemming,DAL,6
Jaxon Fuder,DAL,6
Niilopekka Muhonen,DAL,6
Nils Lundkvist,DAL,6
Tristan Bertucci,DAL,6
Carter Bear,DET,6
Eddie Genborg,DET,6
Jesse Kiiskinen,DET,6
Michael Brandsegg-Nygard,DET,6
Noah Dower Nilsson,DET,6
Sheldon Dries,DET,6
Connor Clattenburg,EDM,6
William Nicholl,EDM,6
A.J. Greer,FLA,6
Hunter St. Martin,FLA,6
Uvis Balinskis,FLA,6
Carter George,LAK,6
Hampton Slukynsky,LAK,6
Henry Brzustewicz,LAK,6
Jakub Dvorak,LAK,6
Jared Woolley,LAK,6
Jimmy Lombardi,LAK,6
Joel Armia,LAK,6
Scott Laughton,LAK,6
Vojtech Cihar,LAK,6
Chase Wutzke,MIN,6
Rasmus Kumpulainen,MIN,6
Yakov Trenin,MIN,6
Bryce Pickford,MTL,6
Kirby Dach,MTL,6
Owen Protz,MTL,6
Tyler Thorpe,MTL,6
Angus Crookshank,NJD,6
Cam Squires,NJD,6
Johnathan Kovacevic,NJD,6
Adam Wilsby,NSH,6
Brady Martin,NSH,6
Hiroki Gojsic,NSH,6
Viggo Gustafsson,NSH,6
Cole Eiserman,NYI,6
Daniil Prokhorov,NYI,6
Kashawn Aitcheson,NYI,6
Victor Eklund,NYI,6
Carey Terrance,NYR,6
Conor Sheary,NYR,6
Drew Fortescue,NYR,6
Jacob Battaglia,NYR,6
Jonny Brodzinski,NYR,6
Liam Greentree,NYR,6
Nathan Aspinall,NYR,6
Taylor Raddysh,NYR,6
Carter Yakemchuk,OTT,6
Gabriel Eliasson,OTT,6
Lucas Ellinas,OTT,6
Nick Jensen,OTT,6
Samuel Bolduc,OTT,6
Carson Bjarnason,PHI,6
Jett Luchanko,PHI,6
Porter Martone,PHI,6
Sean Couturier,PHI,6
Spencer Gill,PHI,6
Benjamin Kindel,PIT,6
Bill Zonnon,PIT,6
Gabriel D'Aigle,PIT,6
Melvin Fernstrom,PIT,6
Owen Pickering,PIT,6
Peyton Kettles,PIT,6
Tanner Howe,PIT,6
Caden Price,SEA,6
Jake O'Brien,SEA,6
Julius Miettinen,SEA,6
Kim Saarinen,SEA,6
Lukas Dragicevic,SEA,6
Nathan Villeneuve,SEA,6
Ryden Evers,SEA,6
Kasper Halttunen,SJS,6
Leo Sahlin Wallenius,SJS,6
Martin Kaut,SJS,6
Quentin Musty,SJS,6
Adam Jecho,STL,6
Adam Jiricek,STL,6
Colin Ralph,STL,6
Jakub Stancl,STL,6
Juraj Pekarcik,STL,6
Justin Carbonneau,STL,6
Lukas Fischer,STL,6
Quinton Burns,STL,6
Ethan Czata,TBL,6
Sam O'Reilly,TBL,6
Ben Danford,TOR,6
Miroslav Holinka,TOR,6
Noah Chadwick,TOR,6
Caleb Desnoyers,UTA,6
Cole Beaudoin,UTA,6
Gabe Smith,UTA,6
Terrell Goldsmith,UTA,6
Tij Iginla,UTA,6
Tomas Lavoie,UTA,6
Alexei Medvedev,VAN,6
Braeden Cootes,VAN,6
Filip Chytil,VAN,6
Gabe Chiarot,VAN,6
Riley Patterson,VAN,6
Sawyer Mynio,VAN,6
Alex Pietrangelo,VGK,6
Alex Weiermair,VGK,6
Keegan Kolesar,VGK,6
Trevor Connelly,VGK,6
Alfons Freij,WPG,6
Kevin He,WPG,6
Kieron Walton,WPG,6
Declan Chisholm,WSH,6
Eriks Mateiko,WSH,6
Ilya Protas,WSH,6
Leon Muggli,WSH,6
Louie Belpedio,WSH,6
Lynden Lakovic,WSH,6
Milton Gastrin,WSH,6
Terik Parascak,WSH,6
Damian Clara,ANA,5
Ethan Bowen,ANA,5
Konnor Smith,ANA,5
Kyle Kukkonen,ANA,5
Tristan Luneau,ANA,5
Dans Locmelis,BOS,5
Joonas Korpisalo,BOS,5
Mason Langenbrunner,BOS,5
Oskar Jellvik,BOS,5
Philip Svedeback,BOS,5
Roman Bychkov,BOS,5
Prokhor Poltapov,BUF,5
Scott Ratzlaff,BUF,5
Stiven Sardarian,BUF,5
Topias Leinonen,BUF,5
Jordan Martinook,CAR,5
Nikita Guslistov,CAR,5
Yegor Velmakin,CAR,5
Egor Zamula,CBJ,5
Luca Pinelli,CBJ,5
Nikolai Makarov,CBJ,5
Oiva Keskinen,CBJ,5
Daniil Chechelev,CGY,5
Etienne Morin,CGY,5
Anthony (AJ) Spellacy,CHI,5
Oliver Moore,CHI,5
Alex Barré-Boulet,COL,5
Valtteri Puustinen,COL,5
Aram Minnetian,DAL,5
Arttu Hyry,DAL,5
Vladislav Kolyachonok,DAL,5
Anton Johansson,DET,5
Kienan Draper,DET,5
Trey Augustine,DET,5
Beau Akey,EDM,5
Maksim Berezkin,EDM,5
Maxim Denezhkin,EDM,5
Nathaniel Day,EDM,5
Samuel Jonsson,EDM,5
Cole Schwindt,FLA,5
Gracyn Sawchyn,FLA,5
Jack Devine,FLA,5
Ludvig Jansson,FLA,5
Alex Turcotte,LAK,5
Koehn Ziemmer,LAK,5
Otto Salin,LAK,5
Aaron Pionk,MIN,5
Charlie Stramel,MIN,5
Matvey Guskov,MIN,5
Nate Benoit,MIN,5
Riley Heidt,MIN,5
Riley Mercer,MIN,5
Stevie Leskovar,MIN,5
Alex Belzile,MTL,5
Alexander Gordin,MTL,5
Bogdan Konyushkov,MTL,5
Daniil Sobolev,MTL,5
David Reinbacher,MTL,5
Dmitri Kostenko,MTL,5
Jack Smith,MTL,5
Oliver Kapanen,MTL,5
Vinzenz Rohrer,MTL,5
Connor Brown,NJD,5
Viktor Hurtig,NJD,5
Andrew Gibson,NSH,5
Ben Strinden,NSH,5
David Edstrom,NSH,5
Joey Willis,NSH,5
Kalan Lind,NSH,5
Semyon Chystyakov,NSH,5
Tanner Molendyk,NSH,5
Dmitry Gamzin,NYI,5
Jesse Nurmi,NYI,5
Tomas Machu,NYI,5
Callum Tung,NYR,5
Jackson Dorrington,NYR,5
Jonathan Quick,NYR,5
Alex Formenton,OTT,5
Hoyt Stanley,OTT,5
Jackson Parsons,OTT,5
Matthew Andonovski,OTT,5
Alex Ciernik,PHI,5
Jamie Drysdale,PHI,5
Noah Powell,PHI,5
Oliver Bonk,PHI,5
Owen McLaughlin,PHI,5
Arturs Silovs,PIT,5
Chase Pietila,PIT,5
Egor Zamula,PIT,5
Emil Pieniniemi,PIT,5
Finn Harding,PIT,5
Kirill Tankov,PIT,5
Mikhail Ilyin,PIT,5
Ryan Graves,PIT,5
Andrei Loshko,SEA,5
Ben Meyers,SEA,5
Cale Fleury,SEA,5
Carson Rehkopf,SEA,5
Eduard Sale,SEA,5
Kaden Hammell,SEA,5
Oscar Fisker Molgaard,SEA,5
Semyon Vyazovoi,SEA,5
Tyson Jugnauth,SEA,5
Evgenii Kashnikov,SJS,5
Mattias Havelid,SJS,5
Shakir Mukhamadullin,SJS,5
Vincent Desharnais,SJS,5
Yegor Spiridonov,SJS,5
Ivan Vorobyov,STL,5
Julien Gauthier,STL,5
Nikita Susuyev,STL,5
Conor Geekie,TBL,5
Daniil Pylenkov,TBL,5
Ethan Gauthier,TBL,5
Harrison Meneghin,TBL,5
Jack Harvey,TBL,5
Klavs Veinbergs,TBL,5
Blake Smith,TOR,5
Borya Valis,TOR,5
Hayes Hundley,TOR,5
Joe Miller,TOR,5
Semyon Der-Arguchintsev,TOR,5
Danil But,UTA,5
Dmitriy Simashev,UTA,5
Ilya Fedotov,UTA,5
Michael Hrabal,UTA,5
Noel Nordh,UTA,5
Ilya Safonov,VAN,5
Vilmer Alriksson,VAN,5
Bronson Ride,VGK,5
Mathieu Cataford,VGK,5
Noah Ellis,VGK,5
Pavel Moysevich,VGK,5
Trent Swick,VGK,5
Tuomas Uronen,VGK,5
Brayden Yager,WPG,5
Colby Barlow,WPG,5
Cole Koepke,WPG,5
Colin Miller,WPG,5
Dmitri Rashevsky,WPG,5
Jacob Julien,WPG,5
Andrew Cristall,WSH,5
Cam Allen,WSH,5
Chase Clark,WSH,5
Cole Hutson,WSH,5
Hendrix Lapierre,WSH,5
Joaquim Lemay,WSH,5
Patrick Thomas,WSH,5
Ryan Chesley,WSH,5
Coulson Pitre,ANA,4
Judd Caulfield,ANA,4
Nathan Gaucher,ANA,4
Nico Myatovic,ANA,4
Noah Warren,ANA,4
Tomas Suchanek,ANA,4
Yegor Sidorov,ANA,4
Michael Callahan,BOS,4
Ryan Johnson,BUF,4
Tyler Kopff,BUF,4
Vsevolod Komarov,BUF,4
Charles-Alexis Legault,CAR,4
Gleb Trikozov,CAR,4
Ruslan Khazheev,CAR,4
Hudson Fasching,CBJ,4
Jordan Dumais,CBJ,4
Nolan Lalonde,CBJ,4
Zach Sawchenko,CBJ,4
Aydar Suniev,CGY,4
Dryden Hunt,CGY,4
Ivan Prosvetov,CGY,4
Adam Gajan,CHI,4
Gavin Hayes,CHI,4
Jake Furlong,CHI,4
Joey Anderson,CHI,4
Martin Misiak,CHI,4
Paul Ludwinski,CHI,4
Samuel Savoie,CHI,4
Stanislav Berezhnoy,CHI,4
Jacob MacDonald,COL,4
Matthew DiMarsico,COL,4
Nikita Prishchepov,COL,4
Sampo Ranta,COL,4
Connor Punnett,DAL,4
Dylan Hryckowian,DAL,4
Justin Ertel,DAL,4
Eemil Viro,DET,4
Ondrej Becher,DET,4
Adam Henrique,EDM,4
Brady Stonehouse,EDM,4
James Stefan,EDM,4
Matthew Savoie,EDM,4
Spencer Stastney,EDM,4
Tomas Cibulka,EDM,4
Kai Schwindt,FLA,4
Kirill Gerasimyuk,FLA,4
Marek Alscher,FLA,4
Oliver Okuliar,FLA,4
Tyler Muszelik,FLA,4
Angus Booth,LAK,4
Hunter Haight,MIN,4
Jack Peart,MIN,4
Nico Sturm,MIN,4
Filip Mesar,MTL,4
Florian Xhekaj,MTL,4
Owen Beck,MTL,4
Josh Filmon,NJD,4
Matyas Melovsky,NJD,4
Mikael Diotte,NJD,4
Nick Bjugstad,NJD,4
Shane Lachance,NJD,4
Simon Nemec,NJD,4
Austin Roest,NSH,4
Calle Odelius,NYI,4
Ethan Bear,NYI,4
Gleb Veremyev,NYI,4
Jesse Pulkkinen,NYI,4
Marc Gatcomb,NYI,4
Adam Edstrom,NYR,4
Adam Sykora,NYR,4
Brody Lamb,NYR,4
Bryce McConnell-Barker,NYR,4
Dylan Roobroeck,NYR,4
Jorian Donovan,OTT,4
Kevin Reidler,OTT,4
Oskar Pettersson,OTT,4
Tomas Hamara,OTT,4
Adam Ginning,PHI,4
Carl Grundstrom,PHI,4
Cole Knuble,PHI,4
Devin Kaplan,PHI,4
Jackson Edward,PHI,4
Ilya Solovyov,PIT,4
Rutger McGroarty,PIT,4
Sergey Murashov,PIT,4
Vasily Ponomarev,PIT,4
David Goyette,SEA,4
Jagger Firkus,SEA,4
Niklas Kokko,SEA,4
Ryan Winterton,SEA,4
Ty Nelson,SEA,4
Cameron Lund,SJS,4
Filip Bystedt,SJS,4
Zack Ostapchuk,SJS,4
Aleksanteri Kaskimaki,STL,4
Cam Fowler,STL,4
Jordan Binnington,STL,4
Marc-Andre Gaudet,STL,4
Michael Buchinger,STL,4
Otto Stenberg,STL,4
Connor Kurth,TBL,4
Cooper Flinton,TBL,4
Declan Carlile,TBL,4
Dyllan Gill,TBL,4
Gabriel Szturc,TBL,4
Noah Steen,TBL,4
Luke Haymes,TOR,4
Roni Hirvonen,TOR,4
Topi Niemela,TOR,4
Vincent Borgesi,TOR,4
Artem Duda,UTA,4
Julian Lutz,UTA,4
Miko Matikka,UTA,4
Owen Allard,UTA,4
Scott Perunovich,UTA,4
Vitek Vanecek,UTA,4
Jonathan Lekkerimaki,VAN,4
Kirill Kudryavtsev,VAN,4
Tom Willander,VAN,4
Ty Young,VAN,4
Ben Hemmerling,VGK,4
Cameron Whitehead,VGK,4
Jordan Gustafson,VGK,4
Kai Uchacz,VGK,4
Matyas Sapovaliv,VGK,4
Viliam Kmec,VGK,4
Danil Zhilkin,WPG,4
Domenic DiVincentiis,WPG,4
Fabian Wagner,WPG,4
Jacob Bryson,WPG,4
Mason Shaw,WPG,4
Morgan Barron,WPG,4
Walker Duehr,WPG,4
Alexander Suzdalev,WSH,4
Ludwig Persson,WSH,4
Timothy Liljegren,WSH,4
Zac Funk,WSH,4
Sasha Pastujov,ANA,3
Alexis Gendron,BOS,3
Frederic Brunet,BOS,3
Jack Rathbone,BUF,3
Nikita Novikov,BUF,3
Aleksi Heimosalmi,CAR,3
Kyle Masters,CAR,3
Mike Reilly,CAR,3
Viktor Neuchev,CAR,3
Corson Ceulemans,CBJ,3
Luca Del Bel Belluz,CBJ,3
Parker Bell,CGY,3
William Stromgren,CGY,3
Dmitry Kuzmin,CHI,3
Shea Weber,CHI,3
Francesco Arcuri,DAL,3
Matthew Seminoff,DAL,3
Amadeus Lombardi,DET,3
Nate Danielson,DET,3
Josh Bloom,EDM,3
Josh Samanski,EDM,3
Andre Lee,LAK,3
Francesco Pinelli,LAK,3
Adam Engstrom,MTL,3
Gannon Laroque,MTL,3
Jake Chiasson,MTL,3
Juraj Slafkovsky,MTL,3
Tyler Brennan,NJD,3
Zachary L'Heureux,NSH,3
Matt Luff,NYI,3
Djibril Toure,OTT,3
Artem Guryev,PHI,3
Brett Harrison,PHI,3
Christian Kyrou,PHI,3
Tucker Robertson,PHI,3
Jon-Randall Avon,SEA,3
Dalibor Dvorsky,STL,3
Ethan Samson,TBL,3
Calle Jarnkrok,TOR,3
Dakota Mermis,TOR,3
Anson Thornton,UTA,3
Ian Cole,UTA,3
Kevin Rooney,UTA,3
Nick DeSimone,UTA,3
Guillaume Brisebois,VAN,3
Jakub Brabenec,VGK,3
Jakub Demek,VGK,3
Joe Fleming,VGK,3
Neal Pionk,WPG,3
Nikita Zadorov,BOS,2
Conor Timmins,BUF,2
Devon Levi,BUF,2
Jack Quinn,BUF,2
Justin Danforth,BUF,2
Riley Fiddler-Schultz,BUF,2
Bryce Montgomery,CAR,2
Jesperi Kotkaniemi,CAR,2
Caleb MacDonald,CBJ,2
Elvis Merzlikins,CBJ,2
Guillaume Richard,CBJ,2
Max McCue,CBJ,2
Zach Aston-Reese,CBJ,2
Arsenii Sergeev,CGY,2
Joel Hanley,CGY,2
Justin Kirkland,CGY,2
Tyson Gross,CGY,2
Anton Frondell,CHI,2
Ethan Del Mastro,CHI,2
Taige Harding,CHI,2
Alex Gagne,COL,2
Cooper Gay,COL,2
Gustav Stjernberg,COL,2
Ilya Nabokov,COL,2
Isak Posch,COL,2
Sean Behrens,COL,2
Arno Tiefensee,DAL,2
Ayrton Martino,DAL,2
Jack Anderson,DAL,2
Remi Poirier,DAL,2
Trey Taylor,DAL,2
Albert Johansson,DET,2
Dominik Shine,DET,2
Jacob Bernard-Docker,DET,2
John Leonard,DET,2
Michal Postava,DET,2
Shai Buium,DET,2
Damien Carfagna,EDM,2
James Hamblin,EDM,2
Kasperi Kapanen,EDM,2
Viljami Marjala,EDM,2
Erik Portillo,LAK,2
Jacob Moverare,LAK,2
Kaleb Lawrence,LAK,2
Kenny Connors,LAK,2
Kirill Kirsanov,LAK,2
Nikita Alexandrov,LAK,2
Matt Kiersted,MIN,2
Nicolas Aube-Kubel,MIN,2
Brendan Gallagher,MTL,2
Luke Mittelstadt,MTL,2
Ethan Edwards,NJD,2
Jeremy Hanzel,NJD,2
Jonathan Gruden,NJD,2
Maxim Tsyplakov,NJD,2
Paul Cotter,NJD,2
Cole O'Hara,NSH,2
Adam Boqvist,NYI,2
Joshua Kotai,NYI,2
Travis Mitchell,NYI,2
Aidan Thompson,NYR,2
Brendan Brisson,NYR,2
Brett Berard,NYR,2
Kalle Vaisanen,NYR,2
Lassi Thomson,OTT,2
Anthony Richard,PHI,2
Helge Grans,PHI,2
Ty Murchison,PHI,2
Daniel Laatsch,PIT,2
Tristan Broz,PIT,2
Félix Trudeau,STL,2
Justin Holl,STL,2
Nathan Walker,STL,2
Simon Robertsson,STL,2
Dylan Duke,TBL,2
Emil Lilleberg,TBL,2
Lucas Mercuri,TBL,2
Milo Roelens,TBL,2
Simon Lundmark,TBL,2
Tristan Allard,TBL,2
Zemgus Girgensons,TBL,2
Cade Webber,TOR,2
Morgan Rielly,TOR,2
Ben McCartney,UTA,2
Sam Lipkin,UTA,2
Aatu Raty,VAN,2
Aku Koskenvuo,VAN,2
Anri Ravinskis,VAN,2
Derek Forbort,VAN,2
Ty Mueller,VAN,2
Alexander Holtz,VGK,2
Jackson Hallum,VGK,2
David Gucciardi,WSH,2
Artyom Galimov,ANA,1
Calle Clang,ANA,1
Ian Moore,ANA,1
Jan Mysak,ANA,1
Jaxsen Wiebe,ANA,1
Jeremie Biakabutuka,ANA,1
Tyson Hinds,ANA,1
Vyacheslav Buteyets,ANA,1
Georgii Merkulov,BOS,1
John Farinacci,BOS,1
Luke Cavallin,BOS,1
Matej Blumel,BOS,1
Max Lundgren,BOS,1
Maximus Wanner,BOS,1
Navrin Mutter,BOS,1
Riley Duran,BOS,1
Simon Zajicek,BOS,1
Isaac Belliveau,BUF,1
Olivier Nadeau,BUF,1
Trevor Kuntar,BUF,1
Vasily Glotov,BUF,1
Alexander Nikishin,CAR,1
Amir Miftakhov,CAR,1
Domenick Fensore,CAR,1
Jacob Kucharski,CAR,1
Justin Robidas,CAR,1
Nikita Quapp,CAR,1
Noel Gunler,CAR,1
Ronan Seeley,CAR,1
Ryan Suzuki,CAR,1
Ivan Provorov,CBJ,1
Jack Williams,CBJ,1
Stanislav Svozil,CBJ,1
Artem Grushnikov,CGY,1
Brennan Othmann,CGY,1
Carter King,CGY,1
Daniil Miromanov,CGY,1
Demetrios Koumontzis,CGY,1
Gavin White,CGY,1
Kevin Bahl,CGY,1
Lucas Ciona,CGY,1
Owen Say,CGY,1
Rory Kerins,CGY,1
Artur Kayumov,CHI,1
Olivier Rodrigue,CHI,1
Ryan Mast,CHI,1
Brett Kulak,COL,1
Chase Bradley,COL,1
Matt Stienburg,COL,1
Shamil Shmakov,COL,1
Taylor Makar,COL,1
Adam Erne,DAL,1
Antonio Stranges,DAL,1
Ben Kraws,DAL,1
Chase Wheatcroft,DAL,1
Colin Blackwell,DAL,1
Harrison Scott,DAL,1
Jeremie Poirier,DAL,1
Kyle McDonald,DAL,1
Luke Krys,DAL,1
Samu Tuomaala,DAL,1
Alexandre Doucet,DET,1
Antti Tuomisto,DET,1
Carter Gylander,DET,1
Carter Mazur,DET,1
Jakub Rychlovsky,DET,1
Mason Appleton,DET,1
Michael Milne,DET,1
Sebastian Cossa,DET,1
William Wallinder,DET,1
Connor Ungar,EDM,1
Curtis Lazar,EDM,1
Matvey Petrov,EDM,1
Owen Michaels,EDM,1
Quinn Hutson,EDM,1
Roby Jarventie,EDM,1
Sam Poulin,EDM,1
Ty Taylor,EDM,1
Ben Steeves,FLA,1
Cooper Black,FLA,1
Daniil Tarasov,FLA,1
Evan Nause,FLA,1
Mikulas Hovorka,FLA,1
Nolan Foote,FLA,1
Aatu Jamsen,LAK,1
Bulat Shafigullin,LAK,1
Cole Guttman,LAK,1
Grant Slukynsky,LAK,1
Jan Jenik,LAK,1
Jared Wright,LAK,1
Martin Chromiak,LAK,1
Bradley Marek,MIN,1
Caedan Bankier,MIN,1
Cameron Butler,MIN,1
Carson Lambos,MIN,1
David Spacek,MIN,1
Nick Foligno,MIN,1
Oskar Olausson,MIN,1
Roman Schmidt,MIN,1
Samuel Hlavaj,MIN,1
Hunter Shepard,MTL,1
Jake Evans,MTL,1
Jared Davidson,MTL,1
Luke Tuch,MTL,1
Sean Farrell,MTL,1
William Trudeau,MTL,1
Zack Bolduc,MTL,1
Arseni Gritsyuk,NJD,1
Dylan Wendt,NJD,1
Jakub Malek,NJD,1
Lenni Hameenaho,NJD,1
Luke Hughes,NJD,1
Nathan Legare,NJD,1
Nikita Popugaev,NJD,1
Topias Vilen,NJD,1
Xavier Parent,NJD,1
Yegor Zaitsev,NJD,1
Christoffer Sedoff,NSH,1
Dalton Bancroft,NSH,1
Jack Matier,NSH,1
Konstantin Volkov,NSH,1
Massimo Rizzo,NSH,1
Ryder Rolston,NSH,1
Alex Jefferies,NYI,1
Camden Thiesing,NYI,1
Cole McWard,NYI,1
Daylan Kuefler,NYI,1
Eetu Liukas,NYI,1
Henrik Tikkanen,NYI,1
Isaiah George,NYI,1
Joey Larson,NYI,1
Marshall Warren,NYI,1
Matthew Maggio,NYI,1
Maxim Shabanov,NYI,1
Tristan Lennox,NYI,1
Hugo Ollas,NYR,1
Juuso Parssinen,NYR,1
Lauri Pajuniemi,NYR,1
Scott Morrow,NYR,1
Talyn Boyko,NYR,1
Graeme Clarke,OTT,1
Leevi Merilainen,OTT,1
Riley Kidney,OTT,1
Tyler Boucher,OTT,1
Xavier Bourgault,OTT,1
Hunter McDonald,PHI,1
Jacob Gaucher,PHI,1
Karsen Dorwart,PHI,1
Matej Tomek,PHI,1
Maxence Guenette,PHI,1
Rasmus Ristolainen,PHI,1
Riley Thompson,PHI,1
Taylor Gauthier,PIT,1
Ville Koivunen,PIT,1
Jacob Melanson,SEA,1
Jaden Schwartz,SEA,1
Jamie Oleksiak,SEA,1
Lleyton Roed,SEA,1
Logan Morrison,SEA,1
Victor Ostman,SEA,1
Ville Ottavainen,SEA,1
Ethan Cardwell,SJS,1
Gabriel Carriere,SJS,1
Jett Woo,SJS,1
Noah Beck,SJS,1
Sam Dickinson,SJS,1
Dylan Peterson,STL,1
Hunter Skinner,STL,1
Leo Loof,STL,1
Matthew Kessel,STL,1
Thomas Bordeleau,STL,1
Vadim Zherenko,STL,1
Will Cranley,STL,1
Zach Dean,STL,1
Maxim Groshev,TBL,1
Mikhail Shalagin,TBL,1
Artur Akhtyamov,TOR,1
Braeden Kressler,TOR,1
Brandon Buhr,TOR,1
John Prokop,TOR,1
Kirill Slepets,TOR,1
Nikolai Chebykin,TOR,1
Ryan Tverberg,TOR,1
Semyon Kizimov,TOR,1
Vladimir Bobylev,TOR,1
Vladislav Kara,TOR,1
Vyacheslav Peksa,TOR,1
William Villeneuve,TOR,1
Maksymilian Szuber,UTA,1
Michal Kunc,UTA,1
Chase Stillman,VAN,1
Danila Klimovich,VAN,1
Jayden Grubbe,VAN,1
Jimmy Schuldt,VAN,1
Lukas Cormier,VGK,1
Raphael Lavoie,VGK,1
David Gustafsson,WPG,1
Isaac Poulter,WPG,1
Lucas Wahlin,WPG,1
Nikita Chibrikov,WPG,1
Tyrel Bauer,WPG,1
Anthony Beauvillier,WSH,1
Bogdan Trineyev,WSH,1
Garin Bjorklund,WSH,1
Henrik Rybinski,WSH,1
Jesper Vikman,WSH,1
Ryan Hofer,WSH,1
Jansen Harkins,ANA,0
Radko Gudas,ANA,0
Ville Husso,ANA,0
Henri Jokiharju,BOS,0
Mason Lohrei,BOS,0
Michael DiPietro,BOS,0
Michael Kesselring,BUF,0
Isac Lundestrom,CBJ,0
Louis Crevier,CHI,0
Jack Drury,COL,0
Tristen Nielsen,COL,0
Wyatt Aamodt,COL,0
Cameron Hughes,DAL,0
Oskar Back,DAL,0
Michael Rasmussen,DET,0
Riley Stillman,EDM,0
Tobias Bjornfot,FLA,0
Joe Hicketts,LAK,0
Taylor Ward,LAK,0
Daemon Hunt,MIN,0
Lucas Condotta,MTL,0
Marc Del Gaizo,MTL,0
Sammy Blais,MTL,0
Dennis Cholowski,NJD,0
Jonas Siegenthaler,NJD,0
Fedor Svechkov,NSH,0
Trey Fix-Wolansky,NYR,0
Cameron Crotty,OTT,0
Boris Katchouk,PHI,0
David Jiricek,PHI,0
Noel Acciari,PIT,0
Philip Kemp,PIT,0
Josh Mahura,SEA,0
Egor Afanasyev,SJS,0
Luca Cagnoni,SJS,0
Philipp Kurashev,SJS,0
Brandon Carlo,TOR,0
Marshall Rifai,TOR,0
Cameron Hebig,UTA,0
Maveric Lamoureux,UTA,0
Montana Onyebuchi,UTA,0
Arshdeep Bains,VAN,0
Jiri Patera,VAN,0
Liam Ohgren,VAN,0
Jaycob Megna,VGK,0
Jeremy Lauzon,VGK,0
Kristian Vesalainen,WPG,0
Mitchell Gibson,WSH,0
Spencer Smallman,WSH,0
Mason McTavish,ANA,-1
Petr Mrazek,ANA,-1
Tim Washe,ANA,-1
Riley Tufte,BOS,-1
Tanner Jeannot,BOS,-1
Carson Meyer,BUF,-1
Josh Dunne,BUF,-1
Skyler Brind'Amour,CAR,-1
Owen Sillinger,CBJ,-1
John Beecher,CGY,-1
Sam Morton,CGY,-1
Gavin Brindley,COL,-1
Jack Ahcan,COL,-1
Jason Polin,COL,-1
Ronnie Attard,COL,-1
Tye Felhaber,COL,-1
Nathan Bastian,DAL,-1
Austin Watson,DET,-1
Eduards Tralmaks,DET,-1
Wojciech Stachowiak,DET,-1
Atro Leppanen,EDM,-1
Aaron Ekblad,FLA,-1
Cole Reinhardt,FLA,-1
Mike Benning,FLA,-1
Wilmer Skoog,FLA,-1
Glenn Gawdin,LAK,-1
Logan Brown,LAK,-1
Ben Gleason,MIN,-1
Jeff Petry,MIN,-1
Robby Fabbri,MIN,-1
Alexandre Texier,MTL,-1
Nate Clurman,MTL,-1
Brian Halonen,NJD,-1
Nicolas Hague,NSH,-1
Tyson Jost,NSH,-1
Adam Beckman,NYI,-1
Alexander Romanov,NYI,-1
Scott Mayfield,NYI,-1
Braden Schneider,NYR,-1
Brandon Scanlin,NYR,-1
Dennis Gilbert,OTT,-1
Garrett Pilon,OTT,-1
Hayden Hodgson,OTT,-1
Oscar Eklind,PHI,-1
Alexander Alexeyev,PIT,-1
Bokondji Imama,PIT,-1
Jack St. Ivany,PIT,-1
Joona Koppanen,PIT,-1
Chandler Stephenson,SEA,-1
Jakub Skarek,SJS,-1
Jimmy Huntington,SJS,-1
Lucas Carlsson,SJS,-1
Samuel Laberge,SJS,-1
Shane Bowers,SJS,-1
Hugh McGing,STL,-1
Charle-Édouard D'Astous,TBL,-1
Nick Abruzzese,TBL,-1
Ryan Fanti,TBL,-1
Vinni Lettieri,TOR,-1
Jack McBain,UTA,-1
Matt Villalta,UTA,-1
Cole Clayton,VAN,-1
Pierre-Olivier Joseph,VAN,-1
Dylan Coghlan,VGK,-1
Cole Perfetti,WPG,-1
Jaret Anderson-Dolan,WPG,-1
Samuel Fagemo,WPG,-1
Thomas Milic,WPG,-1
Ville Heinola,WPG,-1
Wyatt Bongiovanni,WSH,-1
Fabian Lysell,BOS,-2
Mark Kastelic,BOS,-2
Victor Soderstrom,BOS,-2
Beck Malenstyn,BUF,-2
Juuso Valimaki,CAR,-2
Noah Philp,CAR,-2
Jake Bean,CGY,-2
Nick Cicek,CGY,-2
Kevin Korchinski,CHI,-2
Kyle Capobianco,DAL,-2
William Lagesson,DET,-2
Max Jones,EDM,-2
Jonah Gadjovich,FLA,-2
Colton White,NJD,-2
Ryan Schmelzer,NJD,-2
Brayden Schenn,NYI,-2
Casey Fitzgerald,NYR,-2
Urho Vaakanainen,NYR,-2
Nikolas Matinpalo,OTT,-2
Ridly Greig,OTT,-2
Kris Letang,PIT,-2
Gustav Olofsson,SEA,-2
Patrick Giles,SJS,-2
Jonathan Drouin,STL,-2
Brandon Halverson,TBL,-2
Steven Santini,TBL,-2
Jacob Quillan,TOR,-2
Drew O'Connor,VAN,-2
Joseph LaBate,VAN,-2
Vladislav Namestnikov,WPG,-2
Corey Schueneman,WSH,-2
Mikael Granlund,ANA,-3
Bowen Byram,BUF,-3
Gavin Bayreuther,BUF,-3
Mason Geertsen,BUF,-3
Peyton Krebs,BUF,-3
Zac Jones,BUF,-3
Juha Jaaska,CAR,-3
Adam Klapka,CGY,-3
Olli Maatta,CGY,-3
Derrick Pouliot,CHI,-3
Sam Rinzel,CHI,-3
Josh Manson,COL,-3
Alec Regula,EDM,-3
Dmitry Kulikov,FLA,-3
Vinnie Hinostroza,FLA,-3
Jeff Malott,LAK,-3
Kyle Burroughs,LAK,-3
Ben Jones,MIN,-3
Tyler Pitlick,MIN,-3
Alexandre Carrier,MTL,-3
Andreas Englund,NSH,-3
Anton Blidh,NYR,-3
Matt Rempe,NYR,-3
Connor Clifton,PIT,-3
Filip Hallander,PIT,-3
Carey Price,SJS,-3
Erik Cernak,TBL,-3
Matt Benning,TOR,-3
Brandon Tanev,UTA,-3
Carl Lindbom,VGK,-3
Jeremy Davies,VGK,-3
Phillip Di Giuseppe,WPG,-3
Brandon Duhaime,WSH,-3
Ivan Miroshnichenko,WSH,-3
Martin Fehervary,WSH,-3
Logan Stanley,BUF,-4
Sam Carrick,BUF,-4
Brendan Gaunce,CBJ,-4
Brayden Pachal,CGY,-4
Sam Lafferty,CHI,-4
T.J. Tynan,COL,-4
Alexander Petrovic,DAL,-4
Kole Lind,DAL,-4
Colton Dach,EDM,-4
Matt Tomkins,EDM,-4
Evgenii Dadonov,NJD,-4
Liam Foudy,NYI,-4
Matthew Highmore,NYI,-4
Connor Mackey,NYR,-4
Lars Eller,OTT,-4
Garrett Wilson,PHI,-4
John Hayden,SEA,-4
Max McCormick,SEA,-4
Mitchell Stephens,SEA,-4
Sasha Chmelevski,SJS,-4
Alexey Toropchenko,STL,-4
Michael Pezzetta,TOR,-4
Troy Stecher,TOR,-4
Andrew Agozzino,UTA,-4
Kevin Connauton,UTA,-4
Nils Aman,VAN,-4
Braeden Bowman,VGK,-4
Jonas Rondbjerg,VGK,-4
Tanner Laczynski,VGK,-4
Parker Ford,WPG,-4
Dylan McIlrath,WSH,-4
Brendan Smith,CBJ,-5
Hunter McKown,CBJ,-5
Mikael Pyyhtia,CBJ,-5
Clark Bishop,CGY,-5
Mikael Backlund,CGY,-5
Zach Bogosian,MIN,-5
Brenden Dillon,NJD,-5
Jacob Lucchini,NSH,-5
Jordan Oesterle,NSH,-5
Ozzy Wiesblatt,NSH,-5
Tyler Kleven,OTT,-5
Noah Juulsen,PHI,-5
Mathew Dumba,PIT,-5
Colin White,SJS,-5
Akil Thomas,STL,-5
Philippe Myers,TOR,-5
Billy Sweezey,BOS,-6
Tanner Pearson,BUF,-6
Josiah Slavin,CAR,-6
Jake Christiansen,CBJ,-6
Dominic Toninato,CHI,-6
Keaton Middleton,COL,-6
Zakhar Bardakov,COL,-6
Andrew Copp,DET,-6
Isaac Howard,EDM,-6
Kevin Gravel,NSH,-6
Casey Cizikas,NYI,-6
Kyle MacLean,NYI,-6
Olle Lycksell,OTT,-6
Alexander Wennberg,SJS,-6
Teddy Blueger,VAN,-6
Haydn Fleury,WPG,-6
Brett Leason,WSH,-6
David Kampf,WSH,-6
Miles Wood,CBJ,-7
Ryan Lomberg,CGY,-7
Landon Slaggert,CHI,-7
Matt Grzelcyk,CHI,-7
Danil Gushchin,COL,-7
Radek Faksa,DAL,-7
Jake Middleton,MIN,-7
Carson Soucy,NYI,-7
Lane Pederson,PHI,-7
John Klingberg,SJS,-7
Mario Ferraro,SJS,-7
Oskar Sundqvist,STL,-7
Jonas Johansson,TBL,-7
Travis Boyd,TOR,-7
Liam O'Brien,UTA,-7
Mackenzie MacEachern,VAN,-7
Patrick Brown,BOS,-8
Joe Veleno,MTL,-8
Mike Hardman,NJD,-8
Ryan Pulock,NYI,-8
Vincent Iorio,NYR,-8
Christian Dvorak,PHI,-8
Jack Finley,STL,-8
Ian Mitchell,TBL,-8
Gustav Nyquist,WPG,-8
Isaak Phillips,WPG,-8
Frank Vatrano,ANA,-9
Jeffrey Viel,ANA,-9
Lukas Reichel,BOS,-9
Jordan Greenway,BUF,-9
Givani Smith,CAR,-9
Dysin Mayo,CBJ,-9
Ryan Greene,CHI,-9
Donovan Sebrango,FLA,-9
Jack Studnicka,FLA,-9
Noah Gregor,FLA,-9
Michael McCarron,MIN,-9
Zack MacEwen,NJD,-9
Justin Dowling,NYR,-9
Berkly Catton,SEA,-9
Frederick Gaudreau,SEA,-9
Nick Leddy,SJS,-9
Logan Mailloux,STL,-9
Scott Sabourin,TBL,-9
Kale Clague,WPG,-9
Drew Helleson,ANA,-10
Andrew Peeke,BOS,-10
Sean Kuraly,BOS,-10
Luke Schenn,BUF,-10
Cam Dineen,EDM,-10
Josh Anderson,MTL,-10
Mike Matheson,MTL,-10
Tony DeAngelo,NYI,-10
Kurtis MacDermid,OTT,-10
Rodrigo Abols,PHI,-10
Nolan Allan,SJS,-10
Henry Thrun,TOR,-10
Colton Sissons,VGK,-10
Ryan Strome,CGY,-11
MacKenzie Entwistle,FLA,-11
Erik Haula,NSH,-11
Adam Larsson,SEA,-11
Georgi Romanov,STL,-11
Bo Groulx,TOR,-11
Victor Mancini,VAN,-11
Cole Smith,VGK,-11
Jonathan Toews,WPG,-11
Martin Pospisil,CGY,-12
Josh Brown,EDM,-12
Tomas Nosek,FLA,-12
Calen Addison,NJD,-12
Joel Blomqvist,PIT,-12
Ryan Reaves,SJS,-12
Torey Krug,STL,-12
Max Domi,TOR,-12
Jacob Trouba,ANA,-13
Cayden Primeau,CAR,-13
Justin Faulk,DET,-13
Cody Ceci,LAK,-13
Arber Xhekaj,MTL,-13
Curtis Douglas,VAN,-13
Joel Edmundson,LAK,-14
Kevin Stenlund,UTA,-14
Erik Gudbranson,CBJ,-15
Travis Hamonic,DET,-15
Spencer Martin,NYR,-15
Mads Sogaard,OTT,-15
Aleksei Kolosov,PHI,-15
Ryan Miller,PIT,-15
Ryan Lindgren,SEA,-15
Nicolas Deslauriers,CAR,-16
Cole Sillinger,CBJ,-16
Ilya Lyubushkin,DAL,-16
Mattias Janmark,EDM,-16
Marcus Hogberg,NYI,-16
Tyler Myers,DAL,-17
Ross Johnston,ANA,-18
Luke Glendening,PHI,-18
Jake Leschyshyn,BUF,-20
Luke Kunin,FLA,-20
Artyom Levshunov,CHI,-21
Ty Dellandrea,SJS,-21
Simon Benoit,TOR,-21
Samuel Ersson,PHI,-24
Barclay Goodrow,SJS,-25
Evander Kane,VAN,-25
Cal Petersen,MIN,-26
Magnus Chrona,NSH,-26
Ivan Fedotov,CBJ,-36
Ben Chiarot,DET,-36
